B-01,B-02,B-04,B-05,B-06,B-07,B-08,B-09,B-10,B-11,B-12,B-13,B-14,B-15,B-16,B-17,B-18,B-19,B-20,B-21,B-22,B-23,Average,Variance,Zone 1,Zone 2,Zone 3
0.0,0.0,0.0,10.5,0.0,0.0,0.0,4.5,4.5,0.0,0.0,260.0,0.0,0.0,0.0,0.0,0.0,0.0,0.0,0.0,0.0,0.0,12.704545454545453,3823.0134297520644,4.5,0.0,17.1875
3.3,0.0,0.0,9.45,0.0,0.0,0.0,4.5,4.5,0.0,0.0,252.75,0.0,0.0,0.0,0.0,0.0,0.0,0.0,0.0,0.0,0.0,12.477272727272727,3622.4907024793374,4.5,0.0,16.875
6.6,0.0,0.0,8.4,0.0,0.0,0.0,4.5,4.5,0.0,0.0,245.5,0.0,0.0,0.0,0.0,0.0,0.0,0.0,0.0,0.0,0.0,12.249999999999998,3421.9679752066104,4.5,0.0,16.5625
9.899999999999999,0.0,0.0,7.35,0.0,0.0,0.0,4.5,4.5,0.0,0.0,238.25,0.0,0.0,0.0,0.0,0.0,0.0,0.0,0.0,0.0,0.0,12.022727272727272,3221.4452479338834,4.5,0.0,16.25
13.2,0.0,0.0,6.3,0.0,0.0,0.0,4.5,4.5,0.0,0.0,231.0,0.0,0.0,0.0,0.0,0.0,0.0,0.0,0.0,0.0,0.0,11.795454545454545,3020.9225206611563,4.5,0.0,15.9375
16.5,0.0,0.0,5.25,0.0,0.0,0.0,4.5,4.5,0.0,0.0,223.75,0.0,0.0,0.0,0.0,0.0,0.0,0.0,0.0,0.0,0.0,11.568181818181817,2820.3997933884293,4.5,0.0,15.625
19.799999999999997,0.0,0.0,4.199999999999999,0.0,0.0,0.0,4.5,4.5,0.0,0.0,216.5,0.0,0.0,0.0,0.0,0.0,0.0,0.0,0.0,0.0,0.0,11.34090909090909,2619.8770661157023,4.5,0.0,15.3125
23.099999999999998,0.0,0.0,3.1499999999999995,0.0,0.0,0.0,4.5,4.5,0.0,0.0,209.25,0.0,0.0,0.0,0.0,0.0,0.0,0.0,0.0,0.0,0.0,11.113636363636363,2419.3543388429753,4.5,0.0,15.0
26.4,0.0,0.0,2.0999999999999996,0.0,0.0,0.0,4.5,4.5,0.0,0.0,202.0,0.0,0.0,0.0,0.0,0.0,0.0,0.0,0.0,0.0,0.0,10.886363636363637,2218.8316115702482,4.5,0.0,14.6875
29.7,0.0,0.0,1.049999999999999,0.0,0.0,0.0,4.5,4.5,0.0,0.0,194.75,0.0,0.0,0.0,0.0,0.0,0.0,0.0,0.0,0.0,0.0,10.659090909090908,2018.3088842975212,4.5,0.0,14.375
33.0,0.0,0.0,0.0,0.0,0.0,0.0,4.5,4.5,0.0,0.0,187.5,0.0,0.0,0.0,0.0,0.0,0.0,0.0,0.0,0.0,0.0,10.431818181818182,1817.7861570247942,4.5,0.0,14.0625
33.0,0.0,0.0,1.65,0.0,0.0,0.0,4.05,4.05,0.0,0.0,194.55,0.0,0.0,0.0,0.0,0.0,0.0,0.0,0.0,0.0,0.0,10.786363636363635,2006.0535123966952,4.05,0.0,14.578125
33.0,0.0,0.0,3.3,0.0,0.0,0.0,3.6,3.6,0.0,0.0,201.6,0.0,0.0,0.0,0.0,0.0,0.0,0.0,0.0,0.0,0.0,11.14090909090909,2194.320867768596,3.6,0.0,15.09375
33.0,0.0,0.0,4.949999999999999,0.0,0.0,0.0,3.15,3.15,0.0,0.0,208.65,0.0,0.0,0.0,0.0,0.0,0.0,0.0,0.0,0.0,0.0,11.495454545454546,2382.588223140497,3.15,0.0,15.609375
33.0,0.0,0.0,6.6,0.0,0.0,0.0,2.7,2.7,0.0,0.0,215.7,0.0,0.0,0.0,0.0,0.0,0.0,0.0,0.0,0.0,0.0,11.85,2570.855578512398,2.7,0.0,16.125
33.0,0.0,0.0,8.25,0.0,0.0,0.0,2.25,2.25,0.0,0.0,222.75,0.0,0.0,0.0,0.0,0.0,0.0,0.0,0.0,0.0,0.0,12.204545454545453,2759.122933884299,2.25,0.0,16.640625
33.0,0.0,0.0,9.899999999999999,0.0,0.0,0.0,1.7999999999999998,1.7999999999999998,0.0,0.0,229.8,0.0,0.0,0.0,0.0,0.0,0.0,0.0,0.0,0.0,0.0,12.559090909090909,2947.3902892562,1.7999999999999998,0.0,17.15625
33.0,0.0,0.0,11.549999999999999,0.0,0.0,0.0,1.35,1.35,0.0,0.0,236.85,0.0,0.0,0.0,0.0,0.0,0.0,0.0,0.0,0.0,0.0,12.913636363636364,3135.657644628101,1.35,0.0,17.671875
33.0,0.0,0.0,13.2,0.0,0.0,0.0,0.8999999999999999,0.8999999999999999,0.0,0.0,243.9,0.0,0.0,0.0,0.0,0.0,0.0,0.0,0.0,0.0,0.0,13.268181818181818,3323.925000000002,0.8999999999999999,0.0,18.1875
33.0,0.0,0.0,14.85,0.0,0.0,0.0,0.4500000000000002,0.4500000000000002,0.0,0.0,250.95,0.0,0.0,0.0,0.0,0.0,0.0,0.0,0.0,0.0,0.0,13.622727272727271,3512.192355371903,0.4500000000000002,0.0,18.703125
33.0,0.0,0.0,16.5,0.0,0.0,0.0,0.0,0.0,0.0,0.0,258.0,0.0,0.0,0.0,0.0,0.0,0.0,0.0,0.0,0.0,0.0,13.977272727272727,3700.459710743804,0.0,0.0,19.21875
33.0,0.0,0.0,14.85,0.0,0.0,0.0,1.05,0.0,0.0,0.0,253.95,0.0,0.0,0.0,0.0,0.0,0.0,0.0,0.0,0.0,0.0,13.76590909090909,3608.26084710744,0.0,0.0,18.928125
33.0,0.0,0.0,13.2,0.0,0.0,0.0,2.1,0.0,0.0,0.0,249.9,0.0,0.0,0.0,0.0,0.0,0.0,0.0,0.0,0.0,0.0,13.554545454545455,3516.0619834710765,0.0,0.0,18.6375
33.0,0.0,0.0,11.55,0.0,0.0,0.0,3.1500000000000004,0.0,0.0,0.0,245.85,0.0,0.0,0.0,0.0,0.0,0.0,0.0,0.0,0.0,0.0,13.343181818181817,3423.8631198347125,0.0,0.0,18.346875
33.0,0.0,0.0,9.9,0.0,0.0,0.0,4.2,0.0,0.0,0.0,241.8,0.0,0.0,0.0,0.0,0.0,0.0,0.0,0.0,0.0,0.0,13.131818181818181,3331.664256198349,0.0,0.0,18.05625
33.0,0.0,0.0,8.25,0.0,0.0,0.0,5.25,0.0,0.0,0.0,237.75,0.0,0.0,0.0,0.0,0.0,0.0,0.0,0.0,0.0,0.0,12.920454545454545,3239.465392561985,0.0,0.0,17.765625
33.0,0.0,0.0,6.600000000000001,0.0,0.0,0.0,6.300000000000001,0.0,0.0,0.0,233.7,0.0,0.0,0.0,0.0,0.0,0.0,0.0,0.0,0.0,0.0,12.709090909090909,3147.266528925621,0.0,0.0,17.475
33.0,0.0,0.0,4.950000000000001,0.0,0.0,0.0,7.3500000000000005,0.0,0.0,0.0,229.65,0.0,0.0,0.0,0.0,0.0,0.0,0.0,0.0,0.0,0.0,12.497727272727273,3055.0676652892575,0.0,0.0,17.184375
33.0,0.0,0.0,3.3000000000000007,0.0,0.0,0.0,8.4,0.0,0.0,0.0,225.6,0.0,0.0,0.0,0.0,0.0,0.0,0.0,0.0,0.0,0.0,12.286363636363635,2962.8688016528936,0.0,0.0,16.89375
33.0,0.0,0.0,1.6500000000000004,0.0,0.0,0.0,9.450000000000001,0.0,0.0,0.0,221.55,0.0,0.0,0.0,0.0,0.0,0.0,0.0,0.0,0.0,0.0,12.075,2870.66993801653,0.0,0.0,16.603125
33.0,0.0,0.0,0.0,0.0,0.0,0.0,10.5,0.0,0.0,0.0,217.5,0.0,0.0,0.0,0.0,0.0,0.0,0.0,0.0,0.0,0.0,11.863636363636363,2778.471074380166,0.0,0.0,16.3125
31.9,0.0,0.0,0.0,0.0,0.0,0.0,9.45,0.0,0.0,0.0,210.6,0.0,0.0,0.0,0.0,0.0,0.0,0.0,0.0,0.0,0.45,11.472727272727273,2616.3173553719016,0.0,0.0,15.775
30.8,0.0,0.0,0.0,0.0,0.0,0.0,8.4,0.0,0.0,0.0,203.7,0.0,0.0,0.0,0.0,0.0,0.0,0.0,0.0,0.0,0.9,11.081818181818182,2454.163636363637,0.0,0.0,15.2375
29.7,0.0,0.0,0.0,0.0,0.0,0.0,7.35,0.0,0.0,0.0,196.8,0.0,0.0,0.0,0.0,0.0,0.0,0.0,0.0,0.0,1.35,10.690909090909091,2292.0099173553726,0.0,0.0,14.7
28.6,0.0,0.0,0.0,0.0,0.0,0.0,6.3,0.0,0.0,0.0,189.9,0.0,0.0,0.0,0.0,0.0,0.0,0.0,0.0,0.0,1.8,10.3,2129.856198347108,0.0,0.0,14.1625
27.5,0.0,0.0,0.0,0.0,0.0,0.0,5.25,0.0,0.0,0.0,183.0,0.0,0.0,0.0,0.0,0.0,0.0,0.0,0.0,0.0,2.25,9.90909090909091,1967.7024793388437,0.0,0.0,13.625
26.4,0.0,0.0,0.0,0.0,0.0,0.0,4.199999999999999,0.0,0.0,0.0,176.1,0.0,0.0,0.0,0.0,0.0,0.0,0.0,0.0,0.0,2.7,9.51818181818182,1805.548760330579,0.0,0.0,13.0875
25.299999999999997,0.0,0.0,0.0,0.0,0.0,0.0,3.1499999999999995,0.0,0.0,0.0,169.2,0.0,0.0,0.0,0.0,0.0,0.0,0.0,0.0,0.0,3.15,9.127272727272727,1643.3950413223145,0.0,0.0,12.55
24.2,0.0,0.0,0.0,0.0,0.0,0.0,2.0999999999999996,0.0,0.0,0.0,162.3,0.0,0.0,0.0,0.0,0.0,0.0,0.0,0.0,0.0,3.6,8.736363636363636,1481.24132231405,0.0,0.0,12.0125
23.1,0.0,0.0,0.0,0.0,0.0,0.0,1.049999999999999,0.0,0.0,0.0,155.4,0.0,0.0,0.0,0.0,0.0,0.0,0.0,0.0,0.0,4.05,8.345454545454546,1319.0876033057855,0.0,0.0,11.475000000000001
22.0,0.0,0.0,0.0,0.0,0.0,0.0,0.0,0.0,0.0,0.0,148.5,0.0,0.0,0.0,0.0,0.0,0.0,0.0,0.0,0.0,4.5,7.954545454545455,1156.933884297521,0.0,0.0,10.9375
20.9,0.0,0.0,0.45,0.0,0.0,0.0,0.0,0.0,0.0,0.0,148.5,0.0,0.0,0.0,0.0,0.0,0.0,0.0,0.0,0.0,4.5,7.925000000000001,1154.8125000000005,0.0,0.0,10.896875
19.8,0.0,0.0,0.9,0.0,0.0,0.0,0.0,0.0,0.0,0.0,148.5,0.0,0.0,0.0,0.0,0.0,0.0,0.0,0.0,0.0,4.5,7.895454545454546,1152.6911157024797,0.0,0.0,10.85625
18.7,0.0,0.0,1.35,0.0,0.0,0.0,0.0,0.0,0.0,0.0,148.5,0.0,0.0,0.0,0.0,0.0,0.0,0.0,0.0,0.0,4.5,7.865909090909091,1150.569731404959,0.0,0.0,10.815625
17.6,0.0,0.0,1.8,0.0,0.0,0.0,0.0,0.0,0.0,0.0,148.5,0.0,0.0,0.0,0.0,0.0,0.0,0.0,0.0,0.0,4.5,7.836363636363637,1148.4483471074384,0.0,0.0,10.775
16.5,0.0,0.0,2.25,0.0,0.0,0.0,0.0,0.0,0.0,0.0,148.5,0.0,0.0,0.0,0.0,0.0,0.0,0.0,0.0,0.0,4.5,7.8068181818181825,1146.3269628099179,0.0,0.0,10.734375
15.399999999999999,0.0,0.0,2.7,0.0,0.0,0.0,0.0,0.0,0.0,0.0,148.5,0.0,0.0,0.0,0.0,0.0,0.0,0.0,0.0,0.0,4.5,7.777272727272728,1144.205578512397,0.0,0.0,10.69375
14.299999999999999,0.0,0.0,3.15,0.0,0.0,0.0,0.0,0.0,0.0,0.0,148.5,0.0,0.0,0.0,0.0,0.0,0.0,0.0,0.0,0.0,4.5,7.747727272727274,1142.0841942148763,0.0,0.0,10.653125
13.2,0.0,0.0,3.6,0.0,0.0,0.0,0.0,0.0,0.0,0.0,148.5,0.0,0.0,0.0,0.0,0.0,0.0,0.0,0.0,0.0,4.5,7.718181818181819,1139.9628099173558,0.0,0.0,10.6125
12.1,0.0,0.0,4.05,0.0,0.0,0.0,0.0,0.0,0.0,0.0,148.5,0.0,0.0,0.0,0.0,0.0,0.0,0.0,0.0,0.0,4.5,7.688636363636364,1137.8414256198353,0.0,0.0,10.571875
11.0,0.0,0.0,4.5,0.0,0.0,0.0,0.0,0.0,0.0,0.0,148.5,0.0,0.0,0.0,0.0,0.0,0.0,0.0,0.0,0.0,4.5,7.65909090909091,1135.7200413223145,0.0,0.0,10.53125
9.9,0.0,0.0,4.5,0.0,0.0,0.0,0.45,2.7,0.0,0.0,148.75,0.0,0.0,0.0,0.0,0.0,0.0,0.0,0.0,0.0,4.05,7.743181818181819,1142.244731404959,2.7,0.0,10.478125
8.8,0.0,0.0,4.5,0.0,0.0,0.0,0.9,5.4,0.0,0.0,149.0,0.0,0.0,0.0,0.0,0.0,0.0,0.0,0.0,0.0,3.6,7.827272727272728,1148.7694214876037,5.4,0.0,10.425
7.699999999999999,0.0,0.0,4.5,0.0,0.0,0.0,1.35,8.100000000000001,0.0,0.0,149.25,0.0,0.0,0.0,0.0,0.0,0.0,0.0,0.0,0.0,3.15,7.911363636363637,1155.294111570248,8.100000000000001,0.0,10.371875
6.6,0.0,0.0,4.5,0.0,0.0,0.0,1.8,10.8,0.0,0.0,149.5,0.0,0.0,0.0,0.0,0.0,0.0,0.0,0.0,0.0,2.7,7.995454545454546,1161.8188016528927,10.8,0.0,10.31875
5.5,0.0,0.0,4.5,0.0,0.0,0.0,2.25,13.5,0.0,0.0,149.75,0.0,0.0,0.0,0.0,0.0,0.0,0.0,0.0,0.0,2.25,8.079545454545455,1168.3434917355373,13.5,0.0,10.265625
4.3999999999999995,0.0,0.0,4.5,0.0,0.0,0.0,2.7,16.200000000000003,0.0,0.0,150.0,0.0,0.0,0.0,0.0,0.0,0.0,0.0,0.0,0.0,1.7999999999999998,8.163636363636364,1174.868181818182,16.200000000000003,0.0,10.2125
3.299999999999999,0.0,0.0,4.5,0.0,0.0,0.0,3.15,18.900000000000002,0.0,0.0,150.25,0.0,0.0,0.0,0.0,0.0,0.0,0.0,0.0,0.0,1.35,8.247727272727273,1181.3928719008265,18.900000000000002,0.0,10.159375
2.1999999999999993,0.0,0.0,4.5,0.0,0.0,0.0,3.6,21.6,0.0,0.0,150.5,0.0,0.0,0.0,0.0,0.0,0.0,0.0,0.0,0.0,0.8999999999999999,8.331818181818182,1187.917561983471,21.6,0.0,10.10625
1.0999999999999996,0.0,0.0,4.5,0.0,0.0,0.0,4.05,24.3,0.0,0.0,150.75,0.0,0.0,0.0,0.0,0.0,0.0,0.0,0.0,0.0,0.4500000000000002,8.415909090909091,1194.4422520661155,24.3,0.0,10.053125
0.0,0.0,0.0,4.5,0.0,0.0,0.0,4.5,27.0,0.0,0.0,151.0,0.0,0.0,0.0,0.0,0.0,0.0,0.0,0.0,0.0,0.0,8.5,1200.9669421487602,27.0,0.0,10.0
0.0,0.0,0.0,4.05,0.0,55.65,1.65,4.5,811.35,2.1,0.0,153.15,85.95,0.0,0.0,0.0,0.0,0.2,0.0,0.0,0.0,0.0,50.84545454545455,356309.6727272728,811.35,28.65,10.25
0.0,0.0,0.0,3.6,0.0,111.3,3.3,4.5,1595.7,4.2,0.0,155.3,171.9,0.0,0.0,0.0,0.0,0.4,0.0,0.0,0.0,0.0,93.1909090909091,711418.3785123968,1595.7,57.3,10.5
0.0,0.0,0.0,3.15,0.0,166.95,4.949999999999999,4.5,2380.05,6.300000000000001,0.0,157.45,257.85,0.0,0.0,0.0,0.0,0.6000000000000001,0.0,0.0,0.0,0.0,135.53636363636366,1066527.0842975208,2380.05,85.94999999999999,10.75
0.0,0.0,0.0,2.7,0.0,222.6,6.6,4.5,3164.4,8.4,0.0,159.6,343.8,0.0,0.0,0.0,0.0,0.8,0.0,0.0,0.0,0.0,177.8818181818182,1421635.790082645,3164.4,114.6,11.0
0.0,0.0,0.0,2.25,0.0,278.25,8.25,4.5,3948.75,10.5,0.0,161.75,429.75,0.0,0.0,0.0,0.0,1.0,0.0,0.0,0.0,0.0,220.22727272727275,1776744.495867769,3948.75,143.25,11.25
0.0,0.0,0.0,1.7999999999999998,0.0,333.9,9.899999999999999,4.5,4733.1,12.600000000000001,0.0,163.9,515.7,0.0,0.0,0.0,0.0,1.2000000000000002,0.0,0.0,0.0,0.0,262.5727272727273,2131853.201652893,4733.1,171.89999999999998,11.5
0.0,0.0,0.0,1.35,0.0,389.55,11.549999999999999,4.5,5517.45,14.700000000000001,0.0,166.05,601.65,0.0,0.0,0.0,0.0,1.4000000000000001,0.0,0.0,0.0,0.0,304.91818181818184,2486961.907438017,5517.45,200.54999999999998,11.75
0.0,0.0,0.0,0.8999999999999999,0.0,445.2,13.2,4.5,6301.8,16.8,0.0,168.2,687.6,0.0,0.0,0.0,0.0,1.6,0.0,0.0,0.0,0.0,347.2636363636364,2842070.613223141,6301.8,229.2,12.0
0.0,0.0,0.0,0.4500000000000002,0.0,500.84999999999997,14.85,4.5,7086.150000000001,18.900000000000002,0.0,170.35,773.5500000000001,0.0,0.0,0.0,0.0,1.8,0.0,0.0,0.0,0.0,389.609090909091,3197179.319008265,7086.150000000001,257.84999999999997,12.25
0.0,0.0,0.0,0.0,0.0,556.5,16.5,4.5,7870.5,21.0,0.0,172.5,859.5,0.0,0.0,0.0,0.0,2.0,0.0,0.0,0.0,0.0,431.9545454545455,3552288.0247933893,7870.5,286.5,12.5
0.0,0.0,0.2,31.65,0.0,595.2,16.5,4.5,7800.75,32.25,0.0,178.05,933.9,0.0,0.0,0.0,0.0,1.8,0.0,0.0,0.0,0.45,436.1477272727273,3533286.4980371906,7800.75,309.12,15.55625
0.0,0.0,0.4,63.3,0.0,633.9,16.5,4.5,7731.0,43.5,0.0,183.6,1008.3,0.0,0.0,0.0,0.0,1.6,0.0,0.0,0.0,0.9,440.3409090909091,3514284.9712809925,7731.0,331.74,18.6125
0.0,0.0,0.6000000000000001,94.94999999999999,0.0,672.6,16.5,4.5,7661.25,54.75,0.0,189.15,1082.7,0.0,0.0,0.0,0.0,1.4,0.0,0.0,0.0,1.35,444.53409090909093,3495283.444524794,7661.25,354.36,21.66875
0.0,0.0,0.8,126.6,0.0,711.3,16.5,4.5,7591.5,66.0,0.0,194.7,1157.1,0.0,0.0,0.0,0.0,1.2,0.0,0.0,0.0,1.8,448.72727272727275,3476281.9177685953,7591.5,376.98,24.725
0.0,0.0,1.0,158.25,0.0,750.0,16.5,4.5,7521.75,77.25,0.0,200.25,1231.5,0.0,0.0,0.0,0.0,1.0,0.0,0.0,0.0,2.25,452.92045454545456,3457280.3910123967,7521.75,399.6,27.78125
0.0,0.0,1.2000000000000002,189.89999999999998,0.0,788.7,16.5,4.5,7452.0,88.5,0.0,205.8,1305.9,0.0,0.0,0.0,0.0,0.7999999999999998,0.0,0.0,0.0,2.7,457.1136363636364,3438278.8642561985,7452.0,422.22,30.8375
0.0,0.0,1.4000000000000001,221.54999999999998,0.0,827.4000000000001,16.5,4.5,7382.25,99.75,0.0,211.35,1380.3000000000002,0.0,0.0,0.0,0.0,0.5999999999999999,0.0,0.0,0.0,3.15,461.3068181818182,3419277.3375,7382.25,444.84000000000003,33.89375
0.0,0.0,1.6,253.2,0.0,866.1,16.5,4.5,7312.5,111.0,0.0,216.9,1454.7,0.0,0.0,0.0,0.0,0.3999999999999999,0.0,0.0,0.0,3.6,465.5,3400275.8107438013,7312.5,467.46000000000004,36.95
0.0,0.0,1.8,284.84999999999997,0.0,904.8,16.5,4.5,7242.75,122.25,0.0,222.45,1529.1,0.0,0.0,0.0,0.0,0.19999999999999996,0.0,0.0,0.0,4.05,469.6931818181818,3381274.283987603,7242.75,490.08000000000004,40.006249999999994
0.0,0.0,2.0,316.5,0.0,943.5,16.5,4.5,7173.0,133.5,0.0,228.0,1603.5,0.0,0.0,0.0,0.0,0.0,0.0,0.0,0.0,4.5,473.8863636363636,3362272.7572314045,7173.0,512.7,43.0625
10.85,5.85,2.25,346.05,0.0,917.55,14.85,4.05,7577.1,126.45,0.0,225.3,1593.15,0.0,0.0,0.0,0.0,0.0,0.9,0.0,0.0,4.5,492.2204545454545,3975211.295764462,7577.1,505.11,45.3875
21.7,11.7,2.5,375.6,0.0,891.6,13.2,3.6,7981.2,119.4,0.0,222.6,1582.8,0.0,0.0,0.0,0.0,0.0,1.8,0.0,0.0,4.5,510.55454545454546,4588149.834297519,7981.2,497.52000000000004,47.7125
32.55,17.549999999999997,2.75,405.15,0.0,865.65,11.55,3.15,8385.3,112.35,0.0,219.9,1572.45,0.0,0.0,0.0,0.0,0.0,2.7,0.0,0.0,4.5,528.8886363636364,5201088.372830577,8385.3,489.93000000000006,50.0375
43.4,23.4,3.0,434.7,0.0,839.7,9.9,2.7,8789.4,105.3,0.0,217.2,1562.1,0.0,0.0,0.0,0.0,0.0,3.6,0.0,0.0,4.5,547.2227272727273,5814026.911363634,8789.4,482.34000000000003,52.3625
54.25,29.25,3.25,464.25,0.0,813.75,8.25,2.25,9193.5,98.25,0.0,214.5,1551.75,0.0,0.0,0.0,0.0,0.0,4.5,0.0,0.0,4.5,565.5568181818182,6426965.449896691,9193.5,474.75,54.6875
65.1,35.099999999999994,3.5,493.8,0.0,787.8,6.600000000000001,1.7999999999999998,9597.6,91.2,0.0,211.8,1541.4,0.0,0.0,0.0,0.0,0.0,5.4,0.0,0.0,4.5,583.8909090909091,7039903.988429749,9597.6,467.16,57.0125
75.95,40.949999999999996,3.75,523.35,0.0,761.85,4.950000000000001,1.35,10001.7,84.15,0.0,209.1,1531.05,0.0,0.0,0.0,0.0,0.0,6.3,0.0,0.0,4.5,602.225,7652842.526962807,10001.7,459.57000000000005,59.337500000000006
86.8,46.8,4.0,552.9,0.0,735.9,3.3000000000000007,0.8999999999999999,10405.8,77.1,0.0,206.4,1520.7,0.0,0.0,0.0,0.0,0.0,7.2,0.0,0.0,4.5,620.5590909090909,8265781.065495864,10405.8,451.98,61.6625
97.64999999999999,52.65,4.25,582.45,0.0,709.95,1.6500000000000004,0.4500000000000002,10809.9,70.05000000000001,0.0,203.7,1510.35,0.0,0.0,0.0,0.0,0.0,8.1,0.0,0.0,4.5,638.8931818181818,8878719.604028922,10809.9,444.39,63.9875
108.5,58.5,4.5,612.0,0.0,684.0,0.0,0.0,11214.0,63.0,0.0,201.0,1500.0,0.0,0.0,0.0,0.0,0.0,9.0,0.0,0.0,4.5,657.2272727272727,9491658.14256198,11214.0,436.8,66.3125
137.7,58.5,10.2,676.05,0.0,642.3,0.0,0.0,10446.15,65.55,0.0,200.25,1571.55,0.0,3.9,0.0,0.0,0.0,9.0,0.0,0.0,8.7,628.6295454545455,8653449.383367766,10446.15,442.77,73.115625
166.9,58.5,15.9,740.1,0.0,600.6,0.0,0.0,9678.3,68.1,0.0,199.5,1643.1,0.0,7.8,0.0,0.0,0.0,9.0,0.0,0.0,12.9,600.0318181818182,7815240.624173551,9678.3,448.74,79.91875
196.1,58.5,21.6,804.15,0.0,558.9,0.0,0.0,8910.45,70.65,0.0,198.75,1714.65,0.0,11.7,0.0,0.0,0.0,9.0,0.0,0.0,17.1,571.4340909090909,6977031.864979336,8910.45,454.71000000000004,86.721875
225.3,58.5,27.3,868.2,0.0,517.2,0.0,0.0,8142.6,73.2,0.0,198.0,1786.2,0.0,15.6,0.0,0.0,0.0,9.0,0.0,0.0,21.3,542.8363636363637,6138823.105785122,8142.6,460.68,93.525
254.5,58.5,33.0,932.25,0.0,475.5,0.0,0.0,7374.75,75.75,0.0,197.25,1857.75,0.0,19.5,0.0,0.0,0.0,9.0,0.0,0.0,25.5,514.2386363636364,5300614.346590907,7374.75,466.65,100.328125
283.7,58.5,38.7,996.3,0.0,433.79999999999995,0.0,0.0,6606.9,78.3,0.0,196.5,1929.3,0.0,23.4,0.0,0.0,0.0,9.0,0.0,0.0,29.700000000000003,485.6409090909091,4462405.5873966925,6606.9,472.62,107.13125
312.9,58.5,44.4,1060.35,0.0,392.09999999999997,0.0,0.0,5839.05,80.85,0.0,195.75,2000.85,0.0,27.3,0.0,0.0,0.0,9.0,0.0,0.0,33.900000000000006,457.0431818181818,3624196.8282024786,5839.05,478.59000000000003,113.93437499999999
342.1,58.5,50.1,1124.4,0.0,350.4,0.0,0.0,5071.2,83.4,0.0,195.0,2072.4,0.0,31.2,0.0,0.0,0.0,9.0,0.0,0.0,38.1,428.44545454545454,2785988.0690082638,5071.2,484.56,120.7375
371.3,58.5,55.800000000000004,1188.4499999999998,0.0,308.7,0.0,0.0,4303.349999999999,85.95,0.0,194.25,2143.95,0.0,35.1,0.0,0.0,0.0,9.0,0.0,0.0,42.300000000000004,399.84772727272724,1947779.309814049,4303.349999999999,490.53,127.540625
400.5,58.5,61.5,1252.5,0.0,267.0,0.0,0.0,3535.5,88.5,0.0,193.5,2215.5,0.0,39.0,0.0,0.0,0.0,9.0,0.0,0.0,46.5,371.25,1109570.550619835,3535.5,496.5,134.34375
397.05,88.7,62.85,1201.5,3.2,291.3,9.6,0.0,3341.7,80.7,0.0,193.5,2159.25,0.0,39.0,0.0,0.0,0.0,9.0,0.0,0.0,66.3,361.075,1026668.567458678,3341.7,492.03,133.8625
393.6,118.9,64.2,1150.5,6.4,315.6,19.2,0.0,3147.9,72.9,0.0,193.5,2103.0,0.0,39.0,0.0,0.0,0.0,9.0,0.0,0.0,86.1,350.9,943766.5842975209,3147.9,487.56,133.38125
390.15,149.1,65.55,1099.5,9.600000000000001,339.9,28.799999999999997,0.0,2954.1,65.1,0.0,193.5,2046.75,0.0,39.0,0.0,0.0,0.0,9.0,0.0,0.0,105.9,340.725,860864.6011363639,2954.1,483.09000000000003,132.9
386.7,179.3,66.9,1048.5,12.8,364.2,38.4,0.0,2760.3,57.3,0.0,193.5,1990.5,0.0,39.0,0.0,0.0,0.0,9.0,0.0,0.0,125.7,330.55,777962.6179752068,2760.3,478.62,132.41875
383.25,209.5,68.25,997.5,16.0,388.5,48.0,0.0,2566.5,49.5,0.0,193.5,1934.25,0.0,39.0,0.0,0.0,0.0,9.0,0.0,0.0,145.5,320.375,695060.6348140498,2566.5,474.15,131.9375
379.8,239.7,69.6,946.5,19.200000000000003,412.8,57.599999999999994,0.0,2372.7,41.7,0.0,193.5,1878.0,0.0,39.0,0.0,0.0,0.0,9.0,0.0,0.0,165.3,310.2,612158.6516528928,2372.7,469.68,131.45625
376.35,269.9,70.95,895.5,22.400000000000002,437.1,67.2,0.0,2178.8999999999996,33.9,0.0,193.5,1821.75,0.0,39.0,0.0,0.0,0.0,9.0,0.0,0.0,185.1,300.025,529256.6684917357,2178.8999999999996,465.21000000000004,130.975
372.9,300.1,72.3,844.5,25.6,461.4,76.8,0.0,1985.1,26.1,0.0,193.5,1765.5,0.0,39.0,0.0,0.0,0.0,9.0,0.0,0.0,204.9,289.85,446354.6853305787,1985.1,460.74,130.49375
369.45,330.3,73.65,793.5,28.8,485.70000000000005,86.39999999999999,0.0,1791.3,18.299999999999997,0.0,193.5,1709.25,0.0,39.0,0.0,0.0,0.0,9.0,0.0,0.0,224.70000000000002,279.675,363452.7021694217,1791.3,456.27,130.0125
366.0,360.5,75.0,742.5,32.0,510.0,96.0,0.0,1597.5,10.5,0.0,193.5,1653.0,0.0,39.0,0.0,0.0,0.0,9.0,0.0,0.0,244.5,269.5,280550.7190082646,1597.5,451.8,129.53125
363.75,390.75,97.05,728.25,37.5,499.2,94.8,1.5,1564.45,13.05,0.0,196.3,1630.5,0.45,35.1,0.45,0.0,0.0,10.95,0.0,0.45,246.3,268.6727272727273,276537.6355371902,1564.45,445.08000000000004,132.559375
361.5,421.0,119.1,714.0,43.0,488.4,93.6,3.0,1531.4,15.6,0.0,199.1,1608.0,0.9,31.2,0.9,0.0,0.0,12.9,0.0,0.9,248.1,267.8454545454546,272524.5520661158,1531.4,438.36,135.5875
359.25,451.25,141.15,699.75,48.5,477.6,92.4,4.5,1498.35,18.15,0.0,201.9,1585.5,1.35,27.3,1.35,0.0,0.0,14.85,0.0,1.35,249.9,267.0181818181818,268511.4685950414,1498.35,431.64,138.615625
357.0,481.5,163.2,685.5,54.0,466.8,91.2,6.0,1465.3,20.7,0.0,204.7,1563.0,1.8,23.4,1.8,0.0,0.0,16.8,0.0,1.8,251.7,266.1909090909091,264498.385123967,1465.3,424.92,141.64375
354.75,511.75,185.25,671.25,59.5,456.0,90.0,7.5,1432.25,23.25,0.0,207.5,1540.5,2.25,19.5,2.25,0.0,0.0,18.75,0.0,2.25,253.5,265.3636363636364,260485.3016528926,1432.25,418.20000000000005,144.671875
352.5,542.0,207.3,657.0,65.0,445.2,88.8,9.0,1399.2,25.799999999999997,0.0,210.3,1518.0,2.7,15.600000000000001,2.7,0.0,0.0,20.7,0.0,2.7,255.3,264.53636363636366,256472.2181818182,1399.2,411.48,147.7
350.25,572.25,229.35,642.75,70.5,434.4,87.6,10.5,1366.15,28.349999999999998,0.0,213.1,1495.5,3.15,11.7,3.15,0.0,0.0,22.65,0.0,3.15,257.1,263.70909090909095,252459.13471074382,1366.15,404.76,150.728125
348.0,602.5,251.4,628.5,76.0,423.6,86.4,12.0,1333.1,30.9,0.0,215.9,1473.0,3.6,7.800000000000001,3.6,0.0,0.0,24.6,0.0,3.6,258.9,262.8818181818182,248446.0512396694,1333.1,398.04,153.75625
345.75,632.75,273.45000000000005,614.25,81.5,412.8,85.2,13.5,1300.05,33.45,0.0,218.7,1450.5,4.05,3.8999999999999986,4.05,0.0,0.0,26.55,0.0,4.05,260.7,262.05454545454546,244432.96776859503,1300.05,391.32000000000005,156.784375
343.5,663.0,295.5,600.0,87.0,402.0,84.0,15.0,1267.0,36.0,0.0,221.5,1428.0,4.5,0.0,4.5,0.0,0.0,28.5,0.0,4.5,262.5,261.22727272727275,240419.88429752062,1267.0,384.6,159.8125
338.25,674.25,307.35,570.0,82.35,406.65,76.5,15.9,1328.0,37.5,0.0,220.8,1370.25,4.5,0.0,4.05,0.0,0.0,30.6,0.45,4.5,275.4,261.2409090909091,251637.29442148755,1328.0,372.39000000000004,159.834375
333.0,685.5,319.2,540.0,77.7,411.3,69.0,16.8,1389.0,39.0,0.0,220.1,1312.5,4.5,0.0,3.6,0.0,0.0,32.7,0.9,4.5,288.3,261.25454545454545,262854.7045454545,1389.0,360.18,159.85625
327.75,696.75,331.05,510.0,73.05,415.95,61.5,17.7,1450.0,40.5,0.0,219.4,1254.75,4.5,0.0,3.15,0.0,0.0,34.8,1.35,4.5,301.2,261.26818181818186,274072.1146694214,1450.0,347.97,159.878125
322.5,708.0,342.9,480.0,68.4,420.6,54.0,18.6,1511.0,42.0,0.0,218.7,1197.0,4.5,0.0,2.7,0.0,0.0,36.9,1.8,4.5,314.1,261.2818181818182,285289.5247933883,1511.0,335.76,159.9
317.25,719.25,354.75,450.0,63.75,425.25,46.5,19.5,1572.0,43.5,0.0,218.0,1139.25,4.5,0.0,2.25,0.0,0.0,39.0,2.25,4.5,327.0,261.29545454545456,296506.9349173553,1572.0,323.55,159.921875
312.0,730.5,366.6,420.0,59.099999999999994,429.9,39.0,20.4,1633.0,45.0,0.0,217.3,1081.5,4.5,0.0,1.7999999999999998,0.0,0.0,41.1,2.7,4.5,339.9,261.3090909090909,307724.3450413222,1633.0,311.34000000000003,159.94375
306.75,741.75,378.45,390.0,54.449999999999996,434.55,31.5,21.3,1694.0,46.5,0.0,216.6,1023.75,4.5,0.0,1.35,0.0,0.0,43.2,3.15,4.5,352.8,261.32272727272726,318941.75516528916,1694.0,299.13,159.965625
301.5,753.0,390.3,360.0,49.8,439.2,24.0,22.2,1755.0,48.0,0.0,215.9,966.0,4.5,0.0,0.8999999999999999,0.0,0.0,45.3,3.6,4.5,365.7,261.33636363636367,330159.1652892561,1755.0,286.92,159.9875
296.25,764.25,402.15,330.0,45.15,443.85,16.5,23.1,1816.0,49.5,0.0,215.2,908.25,4.5,0.0,0.4500000000000002,0.0,0.0,47.400000000000006,4.05,4.5,378.6,261.35,341376.575413223,1816.0,274.71,160.009375
291.0,775.5,414.0,300.0,40.5,448.5,9.0,24.0,1877.0,51.0,0.0,214.5,850.5,4.5,0.0,0.0,0.0,0.0,49.5,4.5,4.5,391.5,261.3636363636364,352593.98553718993,1877.0,262.5,160.03125
292.8,802.8,399.9,280.35,46.35,409.35,10.2,24.6,1946.1,46.35,0.0,208.8,815.25,4.5,0.0,0.0,0.3,0.45,51.6,4.05,4.25,390.45,260.8386363636364,378081.9102272726,1946.1,247.86,159.565625
294.6,830.1,385.8,260.7,52.2,370.2,11.4,25.2,2015.2,41.7,0.0,203.1,780.0,4.5,0.0,0.0,0.6,0.9,53.7,3.6,4.0,389.4,260.31363636363636,403569.8349173552,2015.2,233.22,159.1
296.4,857.4,371.7,241.05,58.05,331.05,12.6,25.8,2084.3,37.05,0.0,197.4,744.75,4.5,0.0,0.0,0.8999999999999999,1.35,55.8,3.15,3.75,388.35,259.7886363636364,429057.7596074379,2084.3,218.57999999999998,158.634375
298.2,884.7,357.6,221.4,63.9,291.9,13.8,26.4,2153.4,32.4,0.0,191.7,709.5,4.5,0.0,0.0,1.2,1.8,57.9,2.7,3.5,387.3,259.26363636363635,454545.68429752055,2153.4,203.94,158.16875
300.0,912.0,343.5,201.75,69.75,252.75,15.0,27.0,2222.5,27.75,0.0,186.0,674.25,4.5,0.0,0.0,1.5,2.25,60.0,2.25,3.25,386.25,258.7386363636364,480033.6089876032,2222.5,189.3,157.703125
301.8,939.3,329.4,182.10000000000002,75.6,213.60000000000002,16.2,27.6,2291.6,23.099999999999998,0.0,180.3,639.0,4.5,0.0,0.0,1.7999999999999998,2.7,62.1,1.7999999999999998,3.0,385.2,258.2136363636364,505521.53367768583,2291.6,174.66,157.2375
303.6,966.6,315.3,162.45000000000002,81.44999999999999,174.45,17.4,28.2,2360.7,18.449999999999996,0.0,174.6,603.75,4.5,0.0,0.0,2.1,3.15,64.2,1.35,2.75,384.15,257.68863636363636,531009.4583677684,2360.7,160.01999999999998,156.771875
305.4,993.9,301.2,142.8,87.3,135.3,18.6,28.8,2429.8,13.799999999999997,0.0,168.9,568.5,4.5,0.0,0.0,2.4,3.6,66.3,0.8999999999999999,2.5,383.1,257.1636363636364,556497.3830578511,2429.8,145.38,156.30625
307.2,1021.2,287.1,123.15,93.15,96.15000000000003,19.799999999999997,29.4,2498.9,9.149999999999999,0.0,163.2,533.25,4.5,0.0,0.0,2.6999999999999997,4.05,68.4,0.4500000000000002,2.25,382.05,256.63863636363635,581985.3077479338,2498.9,130.74,155.840625
309.0,1048.5,273.0,103.5,99.0,57.0,21.0,30.0,2568.0,4.5,0.0,157.5,498.0,4.5,0.0,0.0,3.0,4.5,70.5,0.0,2.0,381.0,256.1136363636364,607473.2324380165,2568.0,116.1,155.375
314.55,1004.85,280.8,97.2,109.05,57.3,19.95,29.55,2440.25,5.1,0.0,160.95,467.85,4.9,0.0,0.0,3.3,4.5,68.4,0.0,1.8,374.7,247.5,562858.0646694214,2440.25,110.0,153.421875
320.1,961.2,288.6,90.9,119.1,57.6,18.9,29.1,2312.5,5.7,0.0,164.4,437.7,5.3,0.0,0.0,3.6,4.5,66.3,0.0,1.6,368.4,238.88636363636365,518242.89690082637,2312.5,103.89999999999999,151.46875
325.65,917.55,296.4,84.6,129.15,57.9,17.85,28.65,2184.75,6.3,0.0,167.85,407.55,5.7,0.0,0.0,3.9,4.5,64.2,0.0,1.4,362.1,230.27272727272728,473627.7291322313,2184.75,97.8,149.515625
331.2,873.9,304.2,78.3,139.2,58.2,16.8,28.2,2057.0,6.9,0.0,171.3,377.4,6.1,0.0,0.0,4.2,4.5,62.1,0.0,1.2,355.8,221.65909090909093,429012.5613636363,2057.0,91.69999999999999,147.5625
336.75,830.25,312.0,72.0,149.25,58.5,15.75,27.75,1929.25,7.5,0.0,174.75,347.25,6.5,0.0,0.0,4.5,4.5,60.0,0.0,1.0,349.5,213.04545454545456,384397.39359504124,1929.25,85.6,145.609375
342.3,786.6,319.8,65.7,159.3,58.8,14.7,27.3,1801.5,8.1,0.0,178.2,317.1,6.9,0.0,0.0,4.8,4.5,57.9,0.0,0.7999999999999998,343.2,204.4318181818182,339782.22582644626,1801.5,79.5,143.65625
347.85,742.95,327.6,59.4,169.35000000000002,59.1,13.649999999999999,26.85,1673.75,8.7,0.0,181.65,286.95000000000005,7.300000000000001,0.0,0.0,5.1,4.5,55.8,0.0,0.5999999999999999,336.9,195.8181818181818,295167.0580578512,1673.75,73.4,141.703125
353.4,699.3,335.4,53.1,179.4,59.4,12.6,26.4,1546.0,9.3,0.0,185.1,256.8,7.7,0.0,0.0,5.4,4.5,53.7,0.0,0.3999999999999999,330.6,187.20454545454547,250551.89028925617,1546.0,67.3,139.75
358.95,655.6500000000001,343.2,46.800000000000004,189.45,59.7,11.549999999999999,25.95,1418.25,9.899999999999999,0.0,188.55,226.65000000000003,8.1,0.0,0.0,5.699999999999999,4.5,51.599999999999994,0.0,0.19999999999999996,324.3,178.59090909090912,205936.72252066113,1418.25,61.199999999999996,137.796875
364.5,612.0,351.0,40.5,199.5,60.0,10.5,25.5,1290.5,10.5,0.0,192.0,196.5,8.5,0.0,0.0,6.0,4.5,49.5,0.0,0.0,318.0,169.97727272727275,161321.5547520661,1290.5,55.1,135.84375
354.05,612.0,358.3,37.5,199.5,63.75,13.5,24.9,1161.9,10.5,0.0,202.8,178.8,8.55,0.0,0.0,6.3,4.5,45.45,0.0,0.0,304.65,163.04318181818184,148370.04328512395,1161.9,52.92,135.028125
343.6,612.0,365.6,34.5,199.5,67.5,16.5,24.3,1033.3,10.5,0.0,213.6,161.1,8.6,0.0,0.0,6.6,4.5,41.4,0.0,0.0,291.3,156.10909090909092,135418.5318181818,1033.3,50.74,134.2125
333.15,612.0,372.9,31.5,199.5,71.25,19.5,23.7,904.7,10.5,0.0,224.4,143.4,8.65,0.0,0.0,6.9,4.5,37.35,0.0,0.0,277.95,149.175,122467.02035123965,904.7,48.56,133.396875
322.7,612.0,380.2,28.5,199.5,75.0,22.5,23.1,776.1,10.5,0.0,235.2,125.7,8.7,0.0,0.0,7.2,4.5,33.3,0.0,0.0,264.6,142.2409090909091,109515.50888429751,776.1,46.379999999999995,132.58125
312.25,612.0,387.5,25.5,199.5,78.75,25.5,22.5,647.5,10.5,0.0,246.0,108.0,8.75,0.0,0.0,7.5,4.5,29.25,0.0,0.0,251.25,135.3068181818182,96563.99741735536,647.5,44.2,131.765625
301.8,612.0,394.8,22.5,199.5,82.5,28.5,21.9,518.9000000000001,10.5,0.0,256.8,90.30000000000001,8.8,0.0,0.0,7.8,4.5,25.200000000000003,0.0,0.0,237.9,128.37272727272727,83612.48595041322,518.9000000000001,42.019999999999996,130.95
291.35,612.0,402.1,19.5,199.5,86.25,31.5,21.3,390.30000000000007,10.5,0.0,267.6,72.60000000000001,8.85,0.0,0.0,8.1,4.5,21.150000000000002,0.0,0.0,224.55,121.43863636363636,70660.97448347107,390.30000000000007,39.839999999999996,130.134375
280.9,612.0,409.4,16.5,199.5,90.0,34.5,20.7,261.70000000000005,10.5,0.0,278.4,54.900000000000006,8.9,0.0,0.0,8.4,4.5,17.1,0.0,0.0,211.2,114.50454545454545,57709.46301652893,261.70000000000005,37.66,129.31875
270.45,612.0,416.7,13.5,199.5,93.75,37.5,20.1,133.10000000000014,10.5,0.0,289.2,37.20000000000002,8.95,0.0,0.0,8.7,4.5,13.050000000000004,0.0,0.0,197.85000000000002,107.57045454545454,44757.95154958678,133.10000000000014,35.48,128.503125
260.0,612.0,424.0,10.5,199.5,97.5,40.5,19.5,4.5,10.5,0.0,300.0,19.5,9.0,0.0,0.0,9.0,4.5,9.0,0.0,0.0,184.5,100.63636363636363,31806.44008264463,4.5,33.3,127.6875
247.2,596.3,417.65,10.5,199.75,95.55,40.65,21.15,4.5,9.45,0.0,300.0,20.1,8.55,0.0,0.0,8.4,4.95,8.55,0.0,3.75,180.0,98.95454545454544,30468.010123966942,4.5,32.97,125.478125
234.4,580.6,411.3,10.5,200.0,93.6,40.8,22.8,4.5,8.4,0.0,300.0,20.7,8.1,0.0,0.0,7.8,5.4,8.1,0.0,7.5,175.5,97.27272727272727,29129.580165289255,4.5,32.64,123.26875
221.6,564.9,404.95,10.5,200.25,91.65,40.95,24.45,4.5,7.35,0.0,300.0,21.3,7.65,0.0,0.0,7.2,5.85,7.65,0.0,11.25,171.0,95.59090909090908,27791.15020661157,4.5,32.309999999999995,121.059375
208.8,549.2,398.6,10.5,200.5,89.7,41.1,26.1,4.5,6.3,0.0,300.0,21.9,7.2,0.0,0.0,6.6,6.3,7.2,0.0,15.0,166.5,93.9090909090909,26452.720247933885,4.5,31.979999999999997,118.85
196.0,533.5,392.25,10.5,200.75,87.75,41.25,27.75,4.5,5.25,0.0,300.0,22.5,6.75,0.0,0.0,6.0,6.75,6.75,0.0,18.75,162.0,92.22727272727272,25114.290289256198,4.5,31.65,116.640625
183.2,517.8,385.9,10.5,201.0,85.8,41.4,29.4,4.5,4.199999999999999,0.0,300.0,23.1,6.3,0.0,0.0,5.4,7.2,6.3,0.0,22.5,157.5,90.54545454545453,23775.86033057851,4.5,31.32,114.43125
170.39999999999998,502.1,379.55,10.5,201.25,83.85,41.55,31.049999999999997,4.5,3.1499999999999995,0.0,300.0,23.7,5.85,0.0,0.0,4.8,7.65,5.85,0.0,26.25,153.0,88.86363636363636,22437.430371900824,4.5,30.99,112.221875
157.6,486.4,373.2,10.5,201.5,81.9,41.7,32.7,4.5,2.0999999999999996,0.0,300.0,24.3,5.4,0.0,0.0,4.2,8.1,5.4,0.0,30.0,148.5,87.18181818181817,21099.00041322314,4.5,30.66,110.0125
144.8,470.70000000000005,366.85,10.5,201.75,79.95,41.85,34.35,4.5,1.049999999999999,0.0,300.0,24.9,4.95,0.0,0.0,3.6000000000000005,8.55,4.95,0.0,33.75,144.0,85.5,19760.57045454545,4.5,30.33,107.803125
132.0,455.0,360.5,10.5,202.0,78.0,42.0,36.0,4.5,0.0,0.0,300.0,25.5,4.5,0.0,0.0,3.0,9.0,4.5,0.0,37.5,139.5,83.81818181818181,18422.140495867767,4.5,30.0,105.59375
131.85,426.45,350.85,9.9,199.8,74.25,40.5,37.5,5.6,0.0,0.0,294.65,26.7,4.95,0.0,0.0,2.7,9.0,4.5,0.0,37.5,133.5,81.37272727272727,17391.861363636363,5.6,29.28,102.3875
131.7,397.9,341.2,9.3,197.6,70.5,39.0,39.0,6.7,0.0,0.0,289.3,27.9,5.4,0.0,0.0,2.4,9.0,4.5,0.0,37.5,127.5,78.92727272727272,16361.582231404958,6.7,28.56,99.18125
131.55,369.35,331.55,8.7,195.4,66.75,37.5,40.5,7.800000000000001,0.0,0.0,283.95,29.1,5.85,0.0,0.0,2.1,9.0,4.5,0.0,37.5,121.5,76.48181818181818,15331.303099173552,7.800000000000001,27.84,95.975
131.4,340.8,321.9,8.1,193.2,63.0,36.0,42.0,8.9,0.0,0.0,278.6,30.3,6.3,0.0,0.0,1.8,9.0,4.5,0.0,37.5,115.5,74.03636363636363,14301.023966942148,8.9,27.12,92.76875
131.25,312.25,312.25,7.5,191.0,59.25,34.5,43.5,10.0,0.0,0.0,273.25,31.5,6.75,0.0,0.0,1.5,9.0,4.5,0.0,37.5,109.5,71.5909090909091,13270.744834710744,10.0,26.4,89.5625
131.1,283.7,302.6,6.9,188.8,55.5,33.0,45.0,11.100000000000001,0.0,0.0,267.9,32.7,7.2,0.0,0.0,1.2000000000000002,9.0,4.5,0.0,37.5,103.5,69.14545454545454,12240.465702479338,11.100000000000001,25.68,86.35625
130.95,255.15,292.95,6.3,186.6,51.75,31.5,46.5,12.200000000000001,0.0,0.0,262.55,33.9,7.65,0.0,0.0,0.8999999999999999,9.0,4.5,0.0,37.5,97.5,66.7,11210.186570247934,12.200000000000001,24.96,83.15
130.8,226.6,283.3,5.7,184.4,48.0,30.0,48.0,13.3,0.0,0.0,257.2,35.1,8.1,0.0,0.0,0.6000000000000001,9.0,4.5,0.0,37.5,91.5,64.25454545454545,10179.90743801653,13.3,24.240000000000002,79.94375
130.65,198.05,273.65,5.1000000000000005,182.2,44.25,28.5,49.5,14.4,0.0,0.0,251.85,36.3,8.55,0.0,0.0,0.30000000000000027,9.0,4.5,0.0,37.5,85.5,61.80909090909091,9149.628305785125,14.4,23.52,76.7375
130.5,169.5,264.0,4.5,180.0,40.5,27.0,51.0,15.5,0.0,0.0,246.5,37.5,9.0,0.0,0.0,0.0,9.0,4.5,0.0,37.5,79.5,59.36363636363637,8119.34917355372,15.5,22.8,73.53125
125.25,172.05,258.45,4.5,175.8,40.05,27.45,49.95,16.2,7.05,0.0,242.4,38.85,10.05,0.0,0.0,0.0,9.8,4.05,0.0,37.5,82.2,59.163636363636364,7949.79917355372,16.2,23.28,73.0625
120.0,174.6,252.9,4.5,171.6,39.6,27.9,48.9,16.9,14.1,0.0,238.3,40.2,11.1,0.0,0.0,0.0,10.6,3.6,0.0,37.5,84.9,58.96363636363637,7780.24917355372,16.9,23.76,72.59375
114.75,177.15,247.35,4.5,167.4,39.15,28.35,47.85,17.6,21.15,0.0,234.2,41.55,12.15,0.0,0.0,0.0,11.4,3.15,0.0,37.5,87.6,58.763636363636365,7610.69917355372,17.6,24.240000000000002,72.125
109.5,179.7,241.8,4.5,163.2,38.7,28.8,46.8,18.3,28.2,0.0,230.1,42.9,13.2,0.0,0.0,0.0,12.2,2.7,0.0,37.5,90.3,58.56363636363636,7441.14917355372,18.3,24.720000000000002,71.65625
104.25,182.25,236.25,4.5,159.0,38.25,29.25,45.75,19.0,35.25,0.0,226.0,44.25,14.25,0.0,0.0,0.0,13.0,2.25,0.0,37.5,93.0,58.36363636363636,7271.59917355372,19.0,25.200000000000003,71.1875
99.0,184.8,230.7,4.5,154.8,37.8,29.7,44.7,19.7,42.3,0.0,221.9,45.6,15.3,0.0,0.0,0.0,13.8,1.7999999999999998,0.0,37.5,95.7,58.163636363636364,7102.04917355372,19.7,25.68,70.71875
93.75,187.35,225.15,4.5,150.6,37.35,30.15,43.65,20.4,49.35,0.0,217.8,46.95,16.35,0.0,0.0,0.0,14.600000000000001,1.35,0.0,37.5,98.4,57.96363636363636,6932.49917355372,20.4,26.16,70.25
88.5,189.9,219.6,4.5,146.4,36.9,30.6,42.6,21.1,56.4,0.0,213.7,48.3,17.4,0.0,0.0,0.0,15.4,0.8999999999999999,0.0,37.5,101.1,57.76363636363636,6762.949173553719,21.1,26.64,69.78125
83.25,192.45,214.05,4.5,142.2,36.45,31.05,41.55,21.8,63.449999999999996,0.0,209.6,49.65,18.450000000000003,0.0,0.0,0.0,16.2,0.4500000000000002,0.0,37.5,103.8,57.56363636363636,6593.39917355372,21.8,27.12,69.3125
78.0,195.0,208.5,4.5,138.0,36.0,31.5,40.5,22.5,70.5,0.0,205.5,51.0,19.5,0.0,0.0,0.0,17.0,0.0,0.0,37.5,106.5,57.36363636363636,6423.84917355372,22.5,27.6,68.84375
75.35,192.3,208.5,7.8,135.75,35.7,30.15,37.95,21.6,70.95,0.0,218.85,51.45,19.5,0.0,0.0,0.0,17.25,1.05,0.0,35.6,105.15,57.49545454545454,6715.044421487604,21.6,27.36,69.15625
72.7,189.6,208.5,11.1,133.5,35.4,28.8,35.4,20.7,71.4,0.0,232.2,51.9,19.5,0.0,0.0,0.0,17.5,2.1,0.0,33.7,103.8,57.627272727272725,7006.239669421489,20.7,27.12,69.46875
70.05,186.9,208.5,14.399999999999999,131.25,35.1,27.45,32.85,19.8,71.85,0.0,245.55,52.35,19.5,0.0,0.0,0.0,17.75,3.1500000000000004,0.0,31.8,102.45,57.75909090909091,7297.434917355374,19.8,26.880000000000003,69.78125
67.4,184.2,208.5,17.7,129.0,34.8,26.1,30.3,18.9,72.3,0.0,258.9,52.8,19.5,0.0,0.0,0.0,18.0,4.2,0.0,29.9,101.1,57.89090909090909,7588.630165289258,18.9,26.64,70.09375
64.75,181.5,208.5,21.0,126.75,34.5,24.75,27.75,18.0,72.75,0.0,272.25,53.25,19.5,0.0,0.0,0.0,18.25,5.25,0.0,28.0,99.75,58.022727272727266,7879.825413223143,18.0,26.4,70.40625
62.1,178.8,208.5,24.299999999999997,124.5,34.2,23.4,25.200000000000003,17.1,73.2,0.0,285.6,53.7,19.5,0.0,0.0,0.0,18.5,6.300000000000001,0.0,26.1,98.4,58.15454545454545,8171.0206611570275,17.1,26.16,70.71875
59.45,176.1,208.5,27.599999999999998,122.25,33.9,22.049999999999997,22.650000000000002,16.2,73.65,0.0,298.95,54.15,19.5,0.0,0.0,0.0,18.75,7.3500000000000005,0.0,24.200000000000003,97.05,58.28636363636363,8462.215909090912,16.2,25.92,71.03125
56.8,173.4,208.5,30.9,120.0,33.6,20.7,20.1,15.3,74.1,0.0,312.3,54.6,19.5,0.0,0.0,0.0,19.0,8.4,0.0,22.3,95.7,58.418181818181814,8753.411157024797,15.3,25.68,71.34375
54.150000000000006,170.7,208.5,34.2,117.75,33.3,19.35,17.55,14.4,74.55,0.0,325.65,55.05,19.5,0.0,0.0,0.0,19.25,9.450000000000001,0.0,20.400000000000002,94.35,58.55,9044.606404958682,14.4,25.439999999999998,71.65625
51.5,168.0,208.5,37.5,115.5,33.0,18.0,15.0,13.5,75.0,0.0,339.0,55.5,19.5,0.0,0.0,0.0,19.5,10.5,0.0,18.5,93.0,58.68181818181818,9335.801652892565,13.5,25.2,71.96875
53.85,159.6,202.3,35.25,111.9,33.0,20.1,14.85,13.95,67.5,0.45,341.4,50.4,19.4,0.0,0.0,0.6,22.5,10.95,0.0,16.65,85.05,57.25909090909091,9165.425000000003,13.95,24.58,70.178125
56.2,151.2,196.1,33.0,108.3,33.0,22.2,14.7,14.4,60.0,0.9,343.8,45.3,19.3,0.0,0.0,1.2,25.5,11.4,0.0,14.8,77.1,55.836363636363636,8995.04834710744,14.4,23.96,68.3875
58.55,142.8,189.9,30.75,104.7,33.0,24.3,14.55,14.85,52.5,1.35,346.2,40.2,19.2,0.0,0.0,1.7999999999999998,28.5,11.85,0.0,12.95,69.15,54.413636363636364,8824.671694214878,14.85,23.34,66.596875
60.9,134.4,183.7,28.5,101.1,33.0,26.4,14.4,15.3,45.0,1.8,348.6,35.1,19.1,0.0,0.0,2.4,31.5,12.3,0.0,11.1,61.2,52.99090909090909,8654.295041322315,15.3,22.72,64.80625
63.25,126.0,177.5,26.25,97.5,33.0,28.5,14.25,15.75,37.5,2.25,351.0,30.0,19.0,0.0,0.0,3.0,34.5,12.75,0.0,9.25,53.25,51.56818181818181,8483.918388429753,15.75,22.1,63.015625
65.6,117.6,171.3,24.0,93.9,33.0,30.6,14.1,16.2,30.0,2.7,353.4,24.900000000000002,18.9,0.0,0.0,3.5999999999999996,37.5,13.2,0.0,7.399999999999999,45.3,50.14545454545454,8313.54173553719,16.2,21.48,61.225
67.95,109.19999999999999,165.1,21.75,90.3,33.0,32.7,13.95,16.65,22.5,3.15,355.8,19.800000000000004,18.8,0.0,0.0,4.2,40.5,13.65,0.0,5.549999999999999,37.35,48.72272727272727,8143.1650826446285,16.65,20.86,59.434375
70.3,100.8,158.9,19.5,86.7,33.0,34.8,13.8,17.1,15.0,3.6,358.2,14.700000000000003,18.7,0.0,0.0,4.8,43.5,14.1,0.0,3.6999999999999993,29.4,47.3,7972.788429752066,17.1,20.240000000000002,57.64375
72.65,92.39999999999999,152.7,17.25,83.1,33.0,36.900000000000006,13.65,17.55,7.5,4.05,360.6,9.600000000000001,18.6,0.0,0.0,5.3999999999999995,46.5,14.55,0.0,1.8499999999999979,21.450000000000003,45.877272727272725,7802.411776859503,17.55,19.62,55.853125000000006
75.0,84.0,146.5,15.0,79.5,33.0,39.0,13.5,18.0,0.0,4.5,363.0,4.5,18.5,0.0,0.0,6.0,49.5,15.0,0.0,0.0,13.5,44.45454545454545,7632.035123966941,18.0,19.0,54.0625
70.95,84.0,142.35,14.75,79.5,33.0,37.65,13.5,20.25,0.0,4.5,365.1,4.5,20.1,0.0,0.0,7.05,45.0,13.95,0.0,0.0,15.75,44.17727272727273,7561.257024793387,20.25,19.05,53.525
66.9,84.0,138.2,14.5,79.5,33.0,36.3,13.5,22.5,0.0,4.5,367.2,4.5,21.7,0.0,0.0,8.1,40.5,12.9,0.0,0.0,18.0,43.9,7490.478925619834,22.5,19.1,52.9875
62.85,84.0,134.05,14.25,79.5,33.0,34.95,13.5,24.75,0.0,4.5,369.3,4.5,23.3,0.0,0.0,9.15,36.0,11.85,0.0,0.0,20.25,43.622727272727275,7419.70082644628,24.75,19.15,52.45
58.8,84.0,129.9,14.0,79.5,33.0,33.6,13.5,27.0,0.0,4.5,371.4,4.5,24.9,0.0,0.0,10.2,31.5,10.8,0.0,0.0,22.5,43.345454545454544,7348.922727272727,27.0,19.2,51.9125
54.75,84.0,125.75,13.75,79.5,33.0,32.25,13.5,29.25,0.0,4.5,373.5,4.5,26.5,0.0,0.0,11.25,27.0,9.75,0.0,0.0,24.75,43.06818181818182,7278.144628099173,29.25,19.25,51.375
50.7,84.0,121.6,13.5,79.5,33.0,30.9,13.5,31.5,0.0,4.5,375.6,4.5,28.1,0.0,0.0,12.3,22.5,8.7,0.0,0.0,27.0,42.790909090909096,7207.3665289256205,31.5,19.3,50.8375
46.650000000000006,84.0,117.44999999999999,13.25,79.5,33.0,29.549999999999997,13.5,33.75,0.0,4.5,377.7,4.5,29.700000000000003,0.0,0.0,13.350000000000001,18.0,7.6499999999999995,0.0,0.0,29.25,42.513636363636365,7136.588429752067,33.75,19.35,50.3
42.6,84.0,113.3,13.0,79.5,33.0,28.2,13.5,36.0,0.0,4.5,379.8,4.5,31.3,0.0,0.0,14.4,13.5,6.6,0.0,0.0,31.5,42.23636363636364,7065.8103305785135,36.0,19.4,49.7625
38.550000000000004,84.0,109.15,12.75,79.5,33.0,26.85,13.5,38.25,0.0,4.5,381.9,4.5,32.9,0.0,0.0,15.450000000000001,9.0,5.549999999999999,0.0,0.0,33.75,41.95909090909091,6995.03223140496,38.25,19.45,49.225
34.5,84.0,105.0,12.5,79.5,33.0,25.5,13.5,40.5,0.0,4.5,384.0,4.5,34.5,0.0,0.0,16.5,4.5,4.5,0.0,0.0,36.0,41.68181818181819,6924.254132231406,40.5,19.5,48.6875
41.4,81.65,103.2,12.75,78.85,32.1,24.0,13.05,40.95,0.0,5.55,384.0,4.05,32.1,0.0,2.25,17.25,4.5,4.05,0.0,0.0,36.0,41.71363636363637,6918.025826446283,40.95,18.9,48.890625
48.3,79.3,101.4,13.0,78.2,31.2,22.5,12.6,41.4,0.0,6.6,384.0,3.6,29.7,0.0,4.5,18.0,4.5,3.6,0.0,0.0,36.0,41.74545454545455,6911.797520661158,41.4,18.3,49.09375
55.2,76.95,99.6,13.25,77.55,30.3,21.0,12.15,41.85,0.0,7.65,384.0,3.15,27.3,0.0,6.75,18.75,4.5,3.15,0.0,0.0,36.0,41.77727272727273,6905.5692148760345,41.85,17.7,49.296875
62.1,74.6,97.8,13.5,76.9,29.4,19.5,11.7,42.3,0.0,8.7,384.0,2.7,24.9,0.0,9.0,19.5,4.5,2.7,0.0,0.0,36.0,41.80909090909091,6899.34090909091,42.3,17.1,49.5
69.0,72.25,96.0,13.75,76.25,28.5,18.0,11.25,42.75,0.0,9.75,384.0,2.25,22.5,0.0,11.25,20.25,4.5,2.25,0.0,0.0,36.0,41.84090909090909,6893.112603305786,42.75,16.5,49.703125
75.9,69.9,94.2,14.0,75.6,27.6,16.5,10.8,43.2,0.0,10.8,384.0,1.7999999999999998,20.1,0.0,13.5,21.0,4.5,1.7999999999999998,0.0,0.0,36.0,41.872727272727275,6886.884297520663,43.2,15.9,49.90625
82.80000000000001,67.55,92.4,14.25,74.95,26.7,15.0,10.35,43.65,0.0,11.850000000000001,384.0,1.35,17.7,0.0,15.75,21.75,4.5,1.35,0.0,0.0,36.0,41.904545454545456,6880.655991735538,43.65,15.3,50.109375
89.7,65.2,90.6,14.5,74.3,25.8,13.5,9.9,44.1,0.0,12.9,384.0,0.8999999999999999,15.3,0.0,18.0,22.5,4.5,0.8999999999999999,0.0,0.0,36.0,41.93636363636364,6874.427685950414,44.1,14.7,50.3125
96.6,62.849999999999994,88.8,14.75,73.65,24.9,12.0,9.45,44.55,0.0,13.950000000000001,384.0,0.4500000000000002,12.900000000000002,0.0,20.25,23.25,4.5,0.4500000000000002,0.0,0.0,36.0,41.96818181818182,6868.19938016529,44.55,14.100000000000001,50.515625
103.5,60.5,87.0,15.0,73.0,24.0,10.5,9.0,45.0,0.0,15.0,384.0,0.0,10.5,0.0,22.5,24.0,4.5,0.0,0.0,0.0,36.0,42.0,6861.971074380166,45.0,13.5,50.71875
96.15,56.4,83.7,13.95,69.75,24.45,13.05,8.55,42.05,0.0,16.95,378.75,1.65,9.45,0.45,20.25,24.15,4.5,0.9,0.0,0.0,33.3,40.836363636363636,6680.3826446281,42.05,13.77,49.21875
88.8,52.3,80.4,12.9,66.5,24.9,15.6,8.1,39.1,0.0,18.9,373.5,3.3,8.4,0.9,18.0,24.3,4.5,1.8,0.0,0.0,30.6,39.67272727272727,6498.794214876033,39.1,14.04,47.71875
81.45,48.2,77.1,11.85,63.25,25.35,18.15,7.65,36.15,0.0,20.85,368.25,4.949999999999999,7.35,1.35,15.75,24.45,4.5,2.7,0.0,0.0,27.9,38.50909090909091,6317.205785123967,36.15,14.31,46.21875
74.1,44.1,73.8,10.8,60.0,25.8,20.7,7.2,33.2,0.0,22.8,363.0,6.6,6.3,1.8,13.5,24.6,4.5,3.6,0.0,0.0,25.2,37.345454545454544,6135.6173553719,33.2,14.58,44.71875
66.75,40.0,70.5,9.75,56.75,26.25,23.25,6.75,30.25,0.0,24.75,357.75,8.25,5.25,2.25,11.25,24.75,4.5,4.5,0.0,0.0,22.5,36.18181818181818,5954.028925619834,30.25,14.85,43.21875
59.400000000000006,35.900000000000006,67.2,8.7,53.5,26.7,25.799999999999997,6.3,27.299999999999997,0.0,26.7,352.5,9.899999999999999,4.199999999999999,2.7,9.0,24.9,4.5,5.4,0.0,0.0,19.799999999999997,35.018181818181816,5772.440495867768,27.299999999999997,15.12,41.71875
52.050000000000004,31.800000000000004,63.900000000000006,7.6499999999999995,50.25,27.15,28.349999999999998,5.85,24.349999999999998,0.0,28.65,347.25,11.549999999999999,3.1499999999999995,3.15,6.75,25.05,4.5,6.3,0.0,0.0,17.099999999999998,33.85454545454546,5590.852066115701,24.349999999999998,15.389999999999999,40.21875
44.7,27.700000000000003,60.6,6.6,47.0,27.6,30.9,5.4,21.4,0.0,30.6,342.0,13.2,2.0999999999999996,3.6,4.5,25.2,4.5,7.2,0.0,0.0,14.399999999999999,32.69090909090909,5409.263636363635,21.4,15.66,38.71875
37.35000000000001,23.6,57.3,5.549999999999999,43.75,28.05,33.45,4.95,18.45,0.0,32.55,336.75,14.85,1.049999999999999,4.05,2.25,25.35,4.5,8.1,0.0,0.0,11.7,31.527272727272727,5227.675206611568,18.45,15.93,37.21875
30.0,19.5,54.0,4.5,40.5,28.5,36.0,4.5,15.5,0.0,34.5,331.5,16.5,0.0,4.5,0.0,25.5,4.5,9.0,0.0,0.0,9.0,30.363636363636363,5046.086776859502,15.5,16.2,35.71875
30.15,19.5,56.4,4.5,37.8,28.8,37.05,4.5,15.75,2.4,34.5,320.25,15.3,0.45,4.95,0.0,24.75,4.7,9.45,0.0,0.0,8.55,29.988636363636363,4784.847210743799,15.75,16.32,35.15
30.3,19.5,58.8,4.5,35.1,29.1,38.1,4.5,16.0,4.8,34.5,309.0,14.1,0.9,5.4,0.0,24.0,4.9,9.9,0.0,0.0,8.1,29.613636363636363,4523.607644628098,16.0,16.439999999999998,34.58125
30.45,19.5,61.2,4.5,32.4,29.4,39.15,4.5,16.25,7.199999999999999,34.5,297.75,12.9,1.35,5.85,0.0,23.25,5.1,10.35,0.0,0.0,7.65,29.238636363636363,4262.368078512395,16.25,16.56,34.0125
30.6,19.5,63.6,4.5,29.7,29.7,40.2,4.5,16.5,9.6,34.5,286.5,11.7,1.8,6.3,0.0,22.5,5.3,10.8,0.0,0.0,7.2,28.863636363636363,4001.128512396693,16.5,16.68,33.44375
30.75,19.5,66.0,4.5,27.0,30.0,41.25,4.5,16.75,12.0,34.5,275.25,10.5,2.25,6.75,0.0,21.75,5.5,11.25,0.0,0.0,6.75,28.488636363636363,3739.888946280991,16.75,16.799999999999997,32.875
30.9,19.5,68.4,4.5,24.299999999999997,30.3,42.3,4.5,17.0,14.399999999999999,34.5,264.0,9.3,2.7,7.2,0.0,21.0,5.7,11.7,0.0,0.0,6.3,28.113636363636363,3478.6493801652887,17.0,16.919999999999998,32.30625
31.05,19.5,70.8,4.5,21.599999999999998,30.6,43.35,4.5,17.25,16.8,34.5,252.75,8.1,3.15,7.65,0.0,20.25,5.9,12.15,0.0,0.0,5.85,27.738636363636363,3217.4098140495867,17.25,17.04,31.7375
31.2,19.5,73.2,4.5,18.9,30.9,44.4,4.5,17.5,19.2,34.5,241.5,6.9,3.6,8.1,0.0,19.5,6.1,12.6,0.0,0.0,5.4,27.363636363636363,2956.1702479338846,17.5,17.16,31.16875
31.35,19.5,75.6,4.5,16.2,31.2,45.45,4.5,17.75,21.599999999999998,34.5,230.25,5.700000000000001,4.05,8.55,0.0,18.75,6.3,13.05,0.0,0.0,4.95,26.988636363636363,2694.9306818181826,17.75,17.279999999999998,30.6
31.5,19.5,78.0,4.5,13.5,31.5,46.5,4.5,18.0,24.0,34.5,219.0,4.5,4.5,9.0,0.0,18.0,6.5,13.5,0.0,0.0,4.5,26.613636363636363,2433.69111570248,18.0,17.4,30.03125
36.6,21.15,78.0,4.5,14.85,30.9,41.85,4.95,18.0,24.45,33.3,220.2,4.5,4.5,8.55,0.0,17.25,8.55,17.1,0.45,0.0,4.05,26.986363636363635,2488.501859504133,18.0,16.349999999999998,30.871875
41.7,22.8,78.0,4.5,16.2,30.3,37.2,5.4,18.0,24.9,32.1,221.4,4.5,4.5,8.1,0.0,16.5,10.6,20.7,0.9,0.0,3.6,27.35909090909091,2543.3126033057856,18.0,15.299999999999999,31.7125
46.8,24.45,78.0,4.5,17.55,29.7,32.55,5.85,18.0,25.35,30.9,222.6,4.5,4.5,7.65,0.0,15.75,12.649999999999999,24.3,1.35,0.0,3.15,27.731818181818184,2598.1233471074383,18.0,14.25,32.553125
51.9,26.1,78.0,4.5,18.9,29.1,27.9,6.3,18.0,25.8,29.7,223.8,4.5,4.5,7.2,0.0,15.0,14.7,27.9,1.8,0.0,2.7,28.104545454545455,2652.934090909091,18.0,13.2,33.39375
57.0,27.75,78.0,4.5,20.25,28.5,23.25,6.75,18.0,26.25,28.5,225.0,4.5,4.5,6.75,0.0,14.25,16.75,31.5,2.25,0.0,2.25,28.477272727272727,2707.744834710744,18.0,12.149999999999999,34.234375
62.099999999999994,29.4,78.0,4.5,21.6,27.9,18.599999999999998,7.2,18.0,26.7,27.3,226.2,4.5,4.5,6.3,0.0,13.5,18.799999999999997,35.1,2.7,0.0,1.7999999999999998,28.85,2762.5555785123966,18.0,11.1,35.075
67.19999999999999,31.049999999999997,78.0,4.5,22.950000000000003,27.3,13.949999999999996,7.65,18.0,27.15,26.1,227.4,4.5,4.5,5.85,0.0,12.75,20.849999999999998,38.7,3.15,0.0,1.35,29.222727272727276,2817.3663223140493,18.0,10.05,35.915625
72.3,32.7,78.0,4.5,24.3,26.7,9.299999999999997,8.1,18.0,27.6,24.9,228.6,4.5,4.5,5.4,0.0,12.0,22.9,42.3,3.6,0.0,0.8999999999999999,29.595454545454547,2872.177066115702,18.0,9.0,36.75625
77.4,34.35,78.0,4.5,25.65,26.1,4.649999999999999,8.55,18.0,28.05,23.700000000000003,229.8,4.5,4.5,4.95,0.0,11.25,24.95,45.9,4.05,0.0,0.4500000000000002,29.96818181818182,2926.9878099173548,18.0,7.949999999999999,37.596875
82.5,36.0,78.0,4.5,27.0,25.5,0.0,9.0,18.0,28.5,22.5,231.0,4.5,4.5,4.5,0.0,10.5,27.0,49.5,4.5,0.0,0.0,30.340909090909093,2981.7985537190075,18.0,6.9,38.4375
80.1,33.3,75.45,4.55,26.55,24.2,1.65,12.0,16.85,28.05,23.25,236.4,4.5,4.8,4.05,0.0,9.45,26.55,45.0,4.05,0.45,0.45,30.075000000000003,3060.8734504132226,16.85,7.03,38.103125
77.7,30.6,72.9,4.6,26.1,22.9,3.3,15.0,15.7,27.6,24.0,241.8,4.5,5.1,3.6,0.0,8.4,26.1,40.5,3.6,0.9,0.9,29.809090909090912,3139.9483471074373,15.7,7.16,37.76875
75.3,27.9,70.35,4.65,25.65,21.6,4.949999999999999,18.0,14.55,27.15,24.75,247.2,4.5,5.4,3.15,0.0,7.35,25.65,36.0,3.15,1.35,1.35,29.543181818181818,3219.023243801652,14.55,7.29,37.434375
72.9,25.2,67.8,4.7,25.2,20.3,6.6,21.0,13.4,26.7,25.5,252.6,4.5,5.7,2.7,0.0,6.3,25.2,31.5,2.7,1.8,1.8,29.277272727272727,3298.098140495867,13.4,7.42,37.1
70.5,22.5,65.25,4.75,24.75,19.0,8.25,24.0,12.25,26.25,26.25,258.0,4.5,6.0,2.25,0.0,5.25,24.75,27.0,2.25,2.25,2.25,29.011363636363637,3377.173037190082,12.25,7.55,36.765625
68.1,19.799999999999997,62.7,4.8,24.3,17.7,9.899999999999999,27.0,11.100000000000001,25.8,27.0,263.4,4.5,6.3,1.7999999999999998,0.0,4.199999999999999,24.3,22.5,1.7999999999999998,2.7,2.7,28.745454545454546,3456.247933884297,11.100000000000001,7.68,36.43125
65.7,17.099999999999998,60.150000000000006,4.85,23.85,16.4,11.549999999999999,30.0,9.950000000000001,25.35,27.75,268.8,4.5,6.6,1.35,0.0,3.1499999999999995,23.85,18.0,1.35,3.15,3.15,28.479545454545455,3535.3228305785115,9.950000000000001,7.81,36.096875
63.3,14.399999999999999,57.6,4.9,23.4,15.1,13.2,33.0,8.8,24.9,28.5,274.2,4.5,6.9,0.8999999999999999,0.0,2.0999999999999996,23.4,13.5,0.8999999999999999,3.6,3.6,28.21363636363636,3614.3977272727266,8.8,7.9399999999999995,35.7625
60.900000000000006,11.7,55.05,4.95,22.95,13.799999999999999,14.85,36.0,7.65,24.45,29.25,279.6,4.5,7.199999999999999,0.4500000000000002,0.0,1.049999999999999,22.95,9.0,0.4500000000000002,4.05,4.05,27.94772727272727,3693.4726239669417,7.65,8.07,35.428125
58.5,9.0,52.5,5.0,22.5,12.5,16.5,39.0,6.5,24.0,30.0,285.0,4.5,7.5,0.0,0.0,0.0,22.5,4.5,0.0,4.5,4.5,27.68181818181818,3772.5475206611563,6.5,8.2,35.09375
53.55,9.0,53.25,6.6,22.5,12.3,16.95,38.55,6.3,23.55,29.4,269.4,4.5,7.8,0.0,0.0,0.0,20.25,4.05,0.0,4.05,4.95,26.679545454545455,3503.985433884297,6.3,8.309999999999999,33.69375
48.6,9.0,54.0,8.2,22.5,12.1,17.4,38.1,6.1,23.1,28.8,253.8,4.5,8.1,0.0,0.0,0.0,18.0,3.6,0.0,3.6,5.4,25.677272727272726,3235.4233471074376,6.1,8.42,32.29375
43.65,9.0,54.75,9.8,22.5,11.9,17.85,37.65,5.9,22.65,28.2,238.2,4.5,8.4,0.0,0.0,0.0,15.75,3.15,0.0,3.15,5.85,24.674999999999997,2966.861260330578,5.9,8.53,30.89375
38.7,9.0,55.5,11.4,22.5,11.7,18.3,37.2,5.7,22.2,27.6,222.6,4.5,8.7,0.0,0.0,0.0,13.5,2.7,0.0,2.7,6.3,23.672727272727272,2698.2991735537184,5.7,8.64,29.49375
33.75,9.0,56.25,13.0,22.5,11.5,18.75,36.75,5.5,21.75,27.0,207.0,4.5,9.0,0.0,0.0,0.0,11.25,2.25,0.0,2.25,6.75,22.670454545454547,2429.737086776859,5.5,8.75,28.09375
28.799999999999997,9.0,57.0,14.600000000000001,22.5,11.3,19.2,36.3,5.3,21.3,26.4,191.4,4.5,9.3,0.0,0.0,0.0,9.0,1.7999999999999998,0.0,1.7999999999999998,7.2,21.668181818181818,2161.1749999999993,5.3,8.86,26.69375
23.85,9.0,57.75,16.200000000000003,22.5,11.1,19.65,35.85,5.1,20.85,25.8,175.8,4.5,9.6,0.0,0.0,0.0,6.75,1.35,0.0,1.35,7.65,20.66590909090909,1892.61291322314,5.1,8.97,25.293750000000003
18.9,9.0,58.5,17.8,22.5,10.9,20.1,35.4,4.9,20.4,25.2,160.2,4.5,9.9,0.0,0.0,0.0,4.5,0.8999999999999999,0.0,0.8999999999999999,8.1,19.663636363636364,1624.0508264462806,4.9,9.08,23.89375
13.949999999999996,9.0,59.25,19.4,22.5,10.7,20.55,34.95,4.7,19.95,24.6,144.6,4.5,10.2,0.0,0.0,0.0,2.25,0.4500000000000002,0.0,0.4500000000000002,8.55,18.66136363636364,1355.4887396694212,4.7,9.190000000000001,22.49375
9.0,9.0,60.0,21.0,22.5,10.5,21.0,34.5,4.5,19.5,24.0,129.0,4.5,10.5,0.0,0.0,0.0,0.0,0.0,0.0,0.0,9.0,17.65909090909091,1086.9266528925618,4.5,9.3,21.09375
8.4,10.3,59.55,21.0,25.45,9.9,19.35,31.05,4.5,17.55,24.45,129.0,4.5,10.35,0.0,0.0,1.35,3.9,0.45,0.0,0.0,12.6,17.89318181818182,1105.7899793388428,4.5,8.82,21.565625
7.8,11.6,59.1,21.0,28.4,9.3,17.7,27.6,4.5,15.6,24.9,129.0,4.5,10.2,0.0,0.0,2.7,7.8,0.9,0.0,0.0,16.2,18.12727272727273,1124.6533057851238,4.5,8.34,22.0375
7.2,12.9,58.65,21.0,31.35,8.7,16.05,24.15,4.5,13.65,25.35,129.0,4.5,10.05,0.0,0.0,4.050000000000001,11.7,1.35,0.0,0.0,19.8,18.361363636363638,1143.5166322314049,4.5,7.86,22.509375
6.6,14.2,58.2,21.0,34.3,8.1,14.4,20.7,4.5,11.7,25.8,129.0,4.5,9.9,0.0,0.0,5.4,15.6,1.8,0.0,0.0,23.4,18.595454545454547,1162.3799586776859,4.5,7.380000000000001,22.98125
6.0,15.5,57.75,21.0,37.25,7.5,12.75,17.25,4.5,9.75,26.25,129.0,4.5,9.75,0.0,0.0,6.75,19.5,2.25,0.0,0.0,27.0,18.829545454545453,1181.2432851239669,4.5,6.9,23.453125
5.4,16.8,57.3,21.0,40.2,6.9,11.100000000000001,13.799999999999997,4.5,7.800000000000001,26.7,129.0,4.5,9.6,0.0,0.0,8.100000000000001,23.4,2.7,0.0,0.0,30.6,19.063636363636363,1200.106611570248,4.5,6.42,23.925
4.8,18.1,56.85,21.0,43.150000000000006,6.3,9.450000000000001,10.349999999999998,4.5,5.85,27.15,129.0,4.5,9.45,0.0,0.0,9.450000000000001,27.3,3.15,0.0,0.0,34.2,19.297727272727272,1218.969938016529,4.5,5.9399999999999995,24.396875
4.2,19.4,56.4,21.0,46.1,5.7,7.800000000000001,6.899999999999999,4.5,3.9000000000000004,27.6,129.0,4.5,9.3,0.0,0.0,10.8,31.2,3.6,0.0,0.0,37.8,19.53181818181818,1237.8332644628101,4.5,5.46,24.86875
3.6000000000000005,20.700000000000003,55.95,21.0,49.05,5.1000000000000005,6.15,3.4499999999999993,4.5,1.9499999999999993,28.05,129.0,4.5,9.15,0.0,0.0,12.15,35.1,4.05,0.0,0.0,41.4,19.76590909090909,1256.6965909090911,4.5,4.9799999999999995,25.340625
3.0,22.0,55.5,21.0,52.0,4.5,4.5,0.0,4.5,0.0,28.5,129.0,4.5,9.0,0.0,0.0,13.5,39.0,4.5,0.0,0.0,45.0,20.0,1275.5599173553721,4.5,4.5,25.8125
3.6,21.15,52.2,19.8,47.7,4.5,4.5,0.45,4.5,1.05,31.8,133.9,4.5,8.55,1.05,0.0,13.5,39.0,6.15,0.0,0.45,42.0,20.01590909090909,1303.714772727273,4.5,4.41,25.8625
4.2,20.3,48.9,18.6,43.4,4.5,4.5,0.9,4.5,2.1,35.1,138.8,4.5,8.1,2.1,0.0,13.5,39.0,7.8,0.0,0.9,39.0,20.03181818181818,1331.8696280991737,4.5,4.32,25.9125
4.8,19.45,45.6,17.4,39.1,4.5,4.5,1.35,4.5,3.1500000000000004,38.4,143.7,4.5,7.65,3.1500000000000004,0.0,13.5,39.0,9.45,0.0,1.35,36.0,20.047727272727272,1360.0244834710745,4.5,4.23,25.9625
5.4,18.6,42.3,16.2,34.8,4.5,4.5,1.8,4.5,4.2,41.7,148.6,4.5,7.2,4.2,0.0,13.5,39.0,11.1,0.0,1.8,33.0,20.063636363636363,1388.1793388429753,4.5,4.14,26.0125
6.0,17.75,39.0,15.0,30.5,4.5,4.5,2.25,4.5,5.25,45.0,153.5,4.5,6.75,5.25,0.0,13.5,39.0,12.75,0.0,2.25,30.0,20.079545454545453,1416.334194214876,4.5,4.05,26.0625
6.6,16.9,35.7,13.8,26.200000000000003,4.5,4.5,2.7,4.5,6.300000000000001,48.3,158.4,4.5,6.3,6.300000000000001,0.0,13.5,39.0,14.399999999999999,0.0,2.7,27.0,20.095454545454544,1444.489049586777,4.5,3.96,26.1125
7.2,16.05,32.400000000000006,12.6,21.900000000000002,4.5,4.5,3.15,4.5,7.3500000000000005,51.599999999999994,163.3,4.5,5.85,7.3500000000000005,0.0,13.5,39.0,16.049999999999997,0.0,3.15,24.0,20.111363636363635,1472.6439049586777,4.5,3.87,26.1625
7.8,15.2,29.1,11.4,17.6,4.5,4.5,3.6,4.5,8.4,54.9,168.2,4.5,5.4,8.4,0.0,13.5,39.0,17.7,0.0,3.6,21.0,20.127272727272725,1500.7987603305785,4.5,3.7800000000000002,26.2125
8.399999999999999,14.350000000000001,25.8,10.200000000000001,13.300000000000004,4.5,4.5,4.05,4.5,9.450000000000001,58.2,173.1,4.5,4.95,9.450000000000001,0.0,13.5,39.0,19.35,0.0,4.05,18.0,20.143181818181816,1528.9536157024793,4.5,3.69,26.2625
9.0,13.5,22.5,9.0,9.0,4.5,4.5,4.5,4.5,10.5,61.5,178.0,4.5,4.5,10.5,0.0,13.5,39.0,21.0,0.0,4.5,15.0,20.159090909090907,1557.10847107438,4.5,3.6,26.3125
9.75,13.05,24.75,9.0,10.35,4.5,5.7,4.95,4.05,12.0,61.5,187.65,4.05,4.5,9.45,0.0,16.05,37.25,19.95,0.45,4.5,13.5,20.770454545454545,1739.764152892562,4.05,3.75,27.134375
10.5,12.6,27.0,9.0,11.7,4.5,6.9,5.4,3.6,13.5,61.5,197.3,3.6,4.5,8.4,0.0,18.6,35.5,18.9,0.9,4.5,12.0,21.38181818181818,1922.4198347107435,3.6,3.9,27.95625
11.25,12.15,29.25,9.0,13.05,4.5,8.1,5.85,3.15,15.0,61.5,206.95,3.15,4.5,7.35,0.0,21.15,33.75,17.85,1.35,4.5,10.5,21.993181818181817,2105.075516528925,3.15,4.05,28.778125
12.0,11.7,31.5,9.0,14.4,4.5,9.3,6.3,2.7,16.5,61.5,216.6,2.7,4.5,6.3,0.0,23.7,32.0,16.8,1.8,4.5,9.0,22.604545454545452,2287.7311983471072,2.7,4.2,29.6
12.75,11.25,33.75,9.0,15.75,4.5,10.5,6.75,2.25,18.0,61.5,226.25,2.25,4.5,5.25,0.0,26.25,30.25,15.75,2.25,4.5,7.5,23.21590909090909,2470.386880165289,2.25,4.35,30.421875
13.5,10.8,36.0,9.0,17.1,4.5,11.7,7.2,1.7999999999999998,19.5,61.5,235.9,1.7999999999999998,4.5,4.199999999999999,0.0,28.799999999999997,28.5,14.7,2.7,4.5,6.0,23.827272727272728,2653.0425619834705,1.7999999999999998,4.5,31.24375
14.25,10.35,38.25,9.0,18.450000000000003,4.5,12.9,7.65,1.35,21.0,61.5,245.55,1.35,4.5,3.1499999999999995,0.0,31.349999999999998,26.75,13.649999999999999,3.15,4.5,4.5,24.438636363636363,2835.698243801652,1.35,4.65,32.065625
15.0,9.9,40.5,9.0,19.8,4.5,14.1,8.1,0.8999999999999999,22.5,61.5,255.2,0.8999999999999999,4.5,2.0999999999999996,0.0,33.9,25.0,12.6,3.6,4.5,3.0,25.05,3018.3539256198337,0.8999999999999999,4.8,32.8875
15.75,9.45,42.75,9.0,21.15,4.5,15.299999999999999,8.55,0.4500000000000002,24.0,61.5,264.85,0.4500000000000002,4.5,1.049999999999999,0.0,36.45,23.25,11.549999999999999,4.05,4.5,1.5,25.661363636363635,3201.0096074380153,0.4500000000000002,4.949999999999999,33.709375
16.5,9.0,45.0,9.0,22.5,4.5,16.5,9.0,0.0,25.5,61.5,274.5,0.0,4.5,0.0,0.0,39.0,21.5,10.5,4.5,4.5,0.0,26.272727272727273,3383.6652892561974,0.0,5.1,34.53125
14.85,8.1,45.0,8.55,21.6,4.5,27.9,9.0,0.0,24.9,59.15,279.15,0.0,4.5,0.0,0.0,36.3,21.15,11.7,4.5,4.45,0.0,26.604545454545455,3611.7493801652886,0.0,7.379999999999999,34.275
13.2,7.2,45.0,8.1,20.7,4.5,39.3,9.0,0.0,24.3,56.8,283.8,0.0,4.5,0.0,0.0,33.6,20.8,12.9,4.5,4.4,0.0,26.936363636363637,3839.8334710743793,0.0,9.66,34.01875
11.55,6.3,45.0,7.65,19.8,4.5,50.7,9.0,0.0,23.7,54.45,288.45,0.0,4.5,0.0,0.0,30.9,20.45,14.1,4.5,4.35,0.0,27.26818181818182,4067.9175619834705,0.0,11.94,33.7625
9.9,5.4,45.0,7.2,18.9,4.5,62.1,9.0,0.0,23.1,52.1,293.1,0.0,4.5,0.0,0.0,28.2,20.1,15.3,4.5,4.3,0.0,27.6,4296.001652892562,0.0,14.219999999999999,33.50625
8.25,4.5,45.0,6.75,18.0,4.5,73.5,9.0,0.0,22.5,49.75,297.75,0.0,4.5,0.0,0.0,25.5,19.75,16.5,4.5,4.25,0.0,27.93181818181818,4524.085743801653,0.0,16.5,33.25
6.600000000000001,3.5999999999999996,45.0,6.3,17.1,4.5,84.9,9.0,0.0,21.9,47.4,302.4,0.0,4.5,0.0,0.0,22.799999999999997,19.4,17.7,4.5,4.2,0.0,28.263636363636362,4752.169834710743,0.0,18.78,32.99375
4.950000000000001,2.7,45.0,5.85,16.2,4.5,96.3,9.0,0.0,21.3,45.05,307.05,0.0,4.5,0.0,0.0,20.099999999999998,19.05,18.9,4.5,4.15,0.0,28.595454545454544,4980.253925619834,0.0,21.06,32.7375
3.3000000000000007,1.7999999999999998,45.0,5.4,15.3,4.5,107.7,9.0,0.0,20.7,42.7,311.7,0.0,4.5,0.0,0.0,17.4,18.7,20.1,4.5,4.1,0.0,28.927272727272726,5208.338016528925,0.0,23.339999999999996,32.48125
1.6500000000000004,0.9000000000000004,45.0,4.95,14.4,4.5,119.10000000000001,9.0,0.0,20.1,40.349999999999994,316.35,0.0,4.5,0.0,0.0,14.7,18.35,21.299999999999997,4.5,4.05,0.0,29.259090909090908,5436.422107438017,0.0,25.619999999999997,32.225
0.0,0.0,45.0,4.5,13.5,4.5,130.5,9.0,0.0,19.5,38.0,321.0,0.0,4.5,0.0,0.0,12.0,18.0,22.5,4.5,4.0,0.0,29.59090909090909,5664.506198347108,0.0,27.9,31.96875
0.0,0.0,43.15,6.9,13.05,4.05,118.95,8.55,0.0,18.9,34.2,314.25,0.0,4.5,0.0,0.0,10.8,24.15,23.55,4.05,4.05,0.0,28.777272727272727,5451.177892561984,0.0,25.5,31.6
0.0,0.0,41.3,9.3,12.6,3.6,107.4,8.1,0.0,18.3,30.4,307.5,0.0,4.5,0.0,0.0,9.6,30.3,24.6,3.6,4.1,0.0,27.96363636363636,5237.84958677686,0.0,23.099999999999998,31.23125
0.0,0.0,39.45,11.7,12.15,3.15,95.85,7.65,0.0,17.7,26.6,300.75,0.0,4.5,0.0,0.0,8.4,36.45,25.65,3.15,4.15,0.0,27.15,5024.521280991736,0.0,20.7,30.8625
0.0,0.0,37.6,14.1,11.7,2.7,84.3,7.2,0.0,17.1,22.8,294.0,0.0,4.5,0.0,0.0,7.2,42.6,26.7,2.7,4.2,0.0,26.336363636363636,4811.192975206612,0.0,18.299999999999997,30.49375
0.0,0.0,35.75,16.5,11.25,2.25,72.75,6.75,0.0,16.5,19.0,287.25,0.0,4.5,0.0,0.0,6.0,48.75,27.75,2.25,4.25,0.0,25.522727272727273,4597.864669421488,0.0,15.899999999999999,30.125
0.0,0.0,33.9,18.9,10.8,1.7999999999999998,61.19999999999999,6.3,0.0,15.9,15.200000000000003,280.5,0.0,4.5,0.0,0.0,4.800000000000001,54.900000000000006,28.8,1.7999999999999998,4.3,0.0,24.709090909090907,4384.536363636364,0.0,13.5,29.75625
0.0,0.0,32.05,21.3,10.35,1.35,49.64999999999999,5.85,0.0,15.3,11.400000000000002,273.75,0.0,4.5,0.0,0.0,3.5999999999999996,61.050000000000004,29.85,1.35,4.35,0.0,23.895454545454545,4171.20805785124,0.0,11.099999999999998,29.3875
0.0,0.0,30.2,23.7,9.9,0.8999999999999999,38.099999999999994,5.4,0.0,14.7,7.600000000000001,267.0,0.0,4.5,0.0,0.0,2.4000000000000004,67.2,30.9,0.8999999999999999,4.4,0.0,23.08181818181818,3957.879752066116,0.0,8.7,29.01875
0.0,0.0,28.349999999999998,26.099999999999998,9.45,0.4500000000000002,26.549999999999997,4.95,0.0,14.100000000000001,3.8000000000000043,260.25,0.0,4.5,0.0,0.0,1.200000000000001,73.35,31.950000000000003,0.4500000000000002,4.45,0.0,22.268181818181816,3744.551446280992,0.0,6.300000000000001,28.65
0.0,0.0,26.5,28.5,9.0,0.0,15.0,4.5,0.0,13.5,0.0,253.5,0.0,4.5,0.0,0.0,0.0,79.5,33.0,0.0,4.5,0.0,21.454545454545453,3531.223140495868,0.0,3.9,28.28125
0.15,0.0,29.1,28.5,9.0,0.0,13.5,4.95,0.0,14.55,0.0,251.85,0.0,4.05,0.0,0.0,1.5,78.45,29.7,0.0,4.05,0.0,21.334090909090907,3541.54555785124,0.0,3.51,28.2375
0.3,0.0,31.7,28.5,9.0,0.0,12.0,5.4,0.0,15.6,0.0,250.2,0.0,3.6,0.0,0.0,3.0,77.4,26.4,0.0,3.6,0.0,21.21363636363636,3551.867975206612,0.0,3.12,28.19375
0.44999999999999996,0.0,34.3,28.5,9.0,0.0,10.5,5.85,0.0,16.65,0.0,248.55,0.0,3.15,0.0,0.0,4.5,76.35,23.1,0.0,3.15,0.0,21.09318181818182,3562.190392561984,0.0,2.73,28.15
0.6,0.0,36.9,28.5,9.0,0.0,9.0,6.3,0.0,17.7,0.0,246.9,0.0,2.7,0.0,0.0,6.0,75.3,19.8,0.0,2.7,0.0,20.972727272727273,3572.512809917356,0.0,2.34,28.10625
0.75,0.0,39.5,28.5,9.0,0.0,7.5,6.75,0.0,18.75,0.0,245.25,0.0,2.25,0.0,0.0,7.5,74.25,16.5,0.0,2.25,0.0,20.852272727272727,3582.835227272728,0.0,1.9499999999999997,28.0625
0.8999999999999999,0.0,42.1,28.5,9.0,0.0,6.0,7.2,0.0,19.8,0.0,243.6,0.0,1.7999999999999998,0.0,0.0,9.0,73.2,13.200000000000003,0.0,1.7999999999999998,0.0,20.73181818181818,3593.1576446281,0.0,1.56,28.01875
1.05,0.0,44.7,28.5,9.0,0.0,4.5,7.65,0.0,20.85,0.0,241.95,0.0,1.35,0.0,0.0,10.5,72.15,9.900000000000002,0.0,1.35,0.0,20.611363636363635,3603.4800619834723,0.0,1.17,27.975
1.2,0.0,47.3,28.5,9.0,0.0,3.0,8.1,0.0,21.9,0.0,240.3,0.0,0.8999999999999999,0.0,0.0,12.0,71.1,6.600000000000001,0.0,0.8999999999999999,0.0,20.490909090909092,3613.8024793388445,0.0,0.7799999999999998,27.93125
1.3499999999999999,0.0,49.900000000000006,28.5,9.0,0.0,1.5,8.55,0.0,22.950000000000003,0.0,238.65,0.0,0.4500000000000002,0.0,0.0,13.5,70.05,3.3000000000000007,0.0,0.4500000000000002,0.0,20.370454545454546,3624.124896694216,0.0,0.3899999999999997,27.8875
1.5,0.0,52.5,28.5,9.0,0.0,0.0,9.0,0.0,24.0,0.0,237.0,0.0,0.0,0.0,0.0,15.0,69.0,0.0,0.0,0.0,0.0,20.25,3634.4473140495884,0.0,0.0,27.84375
3.75,0.2,47.25,26.7,9.2,0.0,0.0,9.45,0.0,22.85,0.0,237.0,0.0,0.0,0.0,0.0,15.45,65.1,0.0,0.0,0.45,0.0,19.881818181818183,3593.3985537190097,0.0,0.0,27.3375
6.0,0.4,42.0,24.9,9.4,0.0,0.0,9.9,0.0,21.7,0.0,237.0,0.0,0.0,0.0,0.0,15.9,61.2,0.0,0.0,0.9,0.0,19.513636363636365,3552.349793388431,0.0,0.0,26.83125
8.25,0.6000000000000001,36.75,23.1,9.6,0.0,0.0,10.35,0.0,20.55,0.0,237.0,0.0,0.0,0.0,0.0,16.35,57.3,0.0,0.0,1.35,0.0,19.145454545454545,3511.3010330578522,0.0,0.0,26.325
10.5,0.8,31.5,21.3,9.8,0.0,0.0,10.8,0.0,19.4,0.0,237.0,0.0,0.0,0.0,0.0,16.8,53.4,0.0,0.0,1.8,0.0,18.777272727272727,3470.2522727272735,0.0,0.0,25.81875
12.75,1.0,26.25,19.5,10.0,0.0,0.0,11.25,0.0,18.25,0.0,237.0,0.0,0.0,0.0,0.0,17.25,49.5,0.0,0.0,2.25,0.0,18.40909090909091,3429.2035123966953,0.0,0.0,25.3125
15.0,1.2000000000000002,21.0,17.7,10.2,0.0,0.0,11.7,0.0,17.1,0.0,237.0,0.0,0.0,0.0,0.0,17.7,45.6,0.0,0.0,2.7,0.0,18.040909090909093,3388.1547520661165,0.0,0.0,24.80625
17.25,1.4000000000000001,15.75,15.9,10.4,0.0,0.0,12.15,0.0,15.950000000000001,0.0,237.0,0.0,0.0,0.0,0.0,18.15,41.7,0.0,0.0,3.15,0.0,17.672727272727276,3347.105991735538,0.0,0.0,24.3
19.5,1.6,10.5,14.1,10.6,0.0,0.0,12.6,0.0,14.8,0.0,237.0,0.0,0.0,0.0,0.0,18.6,37.8,0.0,0.0,3.6,0.0,17.304545454545455,3306.057231404959,0.0,0.0,23.79375
21.75,1.8,5.25,12.3,10.8,0.0,0.0,13.05,0.0,13.65,0.0,237.0,0.0,0.0,0.0,0.0,19.05,33.9,0.0,0.0,4.05,0.0,16.936363636363637,3265.0084710743804,0.0,0.0,23.2875
24.0,2.0,0.0,10.5,11.0,0.0,0.0,13.5,0.0,12.5,0.0,237.0,0.0,0.0,0.0,0.0,19.5,30.0,0.0,0.0,4.5,0.0,16.56818181818182,3223.9597107438017,0.0,0.0,22.78125
21.6,1.8,0.9,10.5,10.8,0.45,1.65,12.6,0.0,12.75,0.9,233.7,0.0,0.45,0.0,0.45,18.3,30.0,0.0,0.0,5.4,0.0,16.465909090909093,3125.076136363636,0.0,0.6,22.453125
19.2,1.6,1.8,10.5,10.6,0.9,3.3,11.7,0.0,13.0,1.8,230.4,0.0,0.9,0.0,0.9,17.1,30.0,0.0,0.0,6.3,0.0,16.363636363636367,3026.192561983471,0.0,1.2,22.125
16.8,1.4,2.7,10.5,10.4,1.35,4.949999999999999,10.8,0.0,13.25,2.7,227.1,0.0,1.35,0.0,1.35,15.9,30.0,0.0,0.0,7.2,0.0,16.261363636363637,2927.3089876033055,0.0,1.7999999999999998,21.796875
14.4,1.2,3.6,10.5,10.2,1.8,6.6,9.9,0.0,13.5,3.6,223.8,0.0,1.8,0.0,1.8,14.7,30.0,0.0,0.0,8.1,0.0,16.15909090909091,2828.42541322314,0.0,2.4,21.46875
12.0,1.0,4.5,10.5,10.0,2.25,8.25,9.0,0.0,13.75,4.5,220.5,0.0,2.25,0.0,2.25,13.5,30.0,0.0,0.0,9.0,0.0,16.056818181818183,2729.5418388429744,0.0,3.0,21.140625
9.600000000000001,0.7999999999999998,5.4,10.5,9.8,2.7,9.899999999999999,8.1,0.0,14.0,5.4,217.2,0.0,2.7,0.0,2.7,12.3,30.0,0.0,0.0,9.9,0.0,15.954545454545455,2630.6582644628093,0.0,3.5999999999999996,20.8125
7.199999999999999,0.5999999999999999,6.3,10.5,9.6,3.15,11.549999999999999,7.2,0.0,14.25,6.3,213.9,0.0,3.15,0.0,3.15,11.1,30.0,0.0,0.0,10.8,0.0,15.852272727272727,2531.7746900826437,0.0,4.2,20.484375
4.800000000000001,0.3999999999999999,7.2,10.5,9.4,3.6,13.2,6.3,0.0,14.5,7.2,210.6,0.0,3.6,0.0,3.6,9.9,30.0,0.0,0.0,11.7,0.0,15.75,2432.8911157024786,0.0,4.8,20.15625
2.400000000000002,0.19999999999999996,8.1,10.5,9.2,4.05,14.85,5.4,0.0,14.75,8.1,207.3,0.0,4.05,0.0,4.05,8.700000000000001,30.0,0.0,0.0,12.6,0.0,15.647727272727273,2334.007541322313,0.0,5.3999999999999995,19.828125
0.0,0.0,9.0,10.5,9.0,4.5,16.5,4.5,0.0,15.0,9.0,204.0,0.0,4.5,0.0,4.5,7.5,30.0,0.0,0.0,13.5,0.0,15.545454545454545,2235.1239669421475,0.0,6.0,19.5
4.65,0.45,8.55,15.15,8.55,4.05,16.5,4.95,0.0,13.95,9.0,198.0,0.0,4.5,0.0,4.5,6.75,28.5,0.0,0.0,13.5,0.45,15.545454545454545,2201.6789256198335,0.0,5.91,19.528125
9.3,0.9,8.1,19.8,8.1,3.6,16.5,5.4,0.0,12.9,9.0,192.0,0.0,4.5,0.0,4.5,6.0,27.0,0.0,0.0,13.5,0.9,15.545454545454545,2168.2338842975196,0.0,5.82,19.55625
13.950000000000001,1.35,7.65,24.450000000000003,7.65,3.15,16.5,5.85,0.0,11.85,9.0,186.0,0.0,4.5,0.0,4.5,5.25,25.5,0.0,0.0,13.5,1.35,15.545454545454545,2134.7888429752056,0.0,5.7299999999999995,19.584375
18.6,1.8,7.2,29.1,7.2,2.7,16.5,6.3,0.0,10.8,9.0,180.0,0.0,4.5,0.0,4.5,4.5,24.0,0.0,0.0,13.5,1.8,15.545454545454545,2101.3438016528917,0.0,5.64,19.6125
23.25,2.25,6.75,33.75,6.75,2.25,16.5,6.75,0.0,9.75,9.0,174.0,0.0,4.5,0.0,4.5,3.75,22.5,0.0,0.0,13.5,2.25,15.545454545454547,2067.8987603305777,0.0,5.55,19.640625
27.900000000000002,2.7,6.3,38.400000000000006,6.3,1.7999999999999998,16.5,7.2,0.0,8.7,9.0,168.0,0.0,4.5,0.0,4.5,3.0,21.0,0.0,0.0,13.5,2.7,15.545454545454547,2034.4537190082638,0.0,5.46,19.66875
32.550000000000004,3.15,5.85,43.050000000000004,5.85,1.35,16.5,7.65,0.0,7.6499999999999995,9.0,162.0,0.0,4.5,0.0,4.5,2.25,19.5,0.0,0.0,13.5,3.15,15.545454545454547,2001.00867768595,0.0,5.37,19.696875
37.2,3.6,5.4,47.7,5.4,0.8999999999999999,16.5,8.1,0.0,6.6,9.0,156.0,0.0,4.5,0.0,4.5,1.5,18.0,0.0,0.0,13.5,3.6,15.545454545454547,1967.563636363636,0.0,5.279999999999999,19.725
41.85,4.05,4.95,52.35,4.95,0.4500000000000002,16.5,8.55,0.0,5.549999999999999,9.0,150.0,0.0,4.5,0.0,4.5,0.75,16.5,0.0,0.0,13.5,4.05,15.545454545454547,1934.1185950413221,0.0,5.1899999999999995,19.753125
46.5,4.5,4.5,57.0,4.5,0.0,16.5,9.0,0.0,4.5,9.0,144.0,0.0,4.5,0.0,4.5,0.0,15.0,0.0,0.0,13.5,4.5,15.545454545454547,1900.6735537190082,0.0,5.1,19.78125
42.45,4.05,4.5,51.3,4.95,0.0,14.85,8.55,0.0,4.05,8.95,149.25,2.7,4.5,0.0,4.05,2.7,13.95,0.0,0.0,13.05,4.95,15.4,1955.590909090909,0.0,5.22,19.54375
38.4,3.6,4.5,45.6,5.4,0.0,13.2,8.1,0.0,3.6,8.9,154.5,5.4,4.5,0.0,3.6,5.4,12.9,0.0,0.0,12.6,5.4,15.254545454545456,2010.5082644628098,0.0,5.34,19.30625
34.35,3.15,4.5,39.9,5.85,0.0,11.55,7.65,0.0,3.15,8.85,159.75,8.100000000000001,4.5,0.0,3.15,8.100000000000001,11.85,0.0,0.0,12.15,5.85,15.10909090909091,2065.4256198347107,0.0,5.46,19.06875
30.3,2.7,4.5,34.2,6.3,0.0,9.9,7.2,0.0,2.7,8.8,165.0,10.8,4.5,0.0,2.7,10.8,10.8,0.0,0.0,11.7,6.3,14.963636363636365,2120.3429752066118,0.0,5.58,18.83125
26.25,2.25,4.5,28.5,6.75,0.0,8.25,6.75,0.0,2.25,8.75,170.25,13.5,4.5,0.0,2.25,13.5,9.75,0.0,0.0,11.25,6.75,14.818181818181818,2175.2603305785124,0.0,5.699999999999999,18.59375
22.200000000000003,1.7999999999999998,4.5,22.799999999999997,7.2,0.0,6.600000000000001,6.3,0.0,1.7999999999999998,8.7,175.5,16.200000000000003,4.5,0.0,1.7999999999999998,16.200000000000003,8.7,0.0,0.0,10.8,7.2,14.672727272727272,2230.1776859504134,0.0,5.82,18.35625
18.150000000000002,1.35,4.5,17.1,7.65,0.0,4.950000000000001,5.85,0.0,1.35,8.65,180.75,18.900000000000002,4.5,0.0,1.35,18.900000000000002,7.6499999999999995,0.0,0.0,10.35,7.65,14.527272727272727,2285.095041322314,0.0,5.9399999999999995,18.11875
14.100000000000001,0.8999999999999999,4.5,11.399999999999999,8.1,0.0,3.3000000000000007,5.4,0.0,0.8999999999999999,8.6,186.0,21.6,4.5,0.0,0.8999999999999999,21.6,6.6,0.0,0.0,9.9,8.1,14.381818181818181,2340.012396694215,0.0,6.06,17.88125
10.050000000000004,0.4500000000000002,4.5,5.699999999999996,8.55,0.0,1.6500000000000004,4.95,0.0,0.4500000000000002,8.55,191.25,24.3,4.5,0.0,0.4500000000000002,24.3,5.549999999999999,0.0,0.0,9.45,8.55,14.236363636363636,2394.9297520661157,0.0,6.18,17.64375
6.0,0.0,4.5,0.0,9.0,0.0,0.0,4.5,0.0,0.0,8.5,196.5,27.0,4.5,0.0,0.0,27.0,4.5,0.0,0.0,9.0,9.0,14.09090909090909,2449.847107438017,0.0,6.3,17.40625
6.0,0.9,4.45,0.0,8.55,0.45,0.0,4.05,0.0,1.05,8.1,195.3,27.0,4.25,0.0,0.0,27.3,4.5,0.45,0.0,8.1,9.45,14.086363636363636,2406.6090909090913,0.0,6.34,17.3875
6.0,1.8,4.4,0.0,8.1,0.9,0.0,3.6,0.0,2.1,7.7,194.1,27.0,4.0,0.0,0.0,27.6,4.5,0.9,0.0,7.2,9.9,14.08181818181818,2363.3710743801657,0.0,6.38,17.36875
6.0,2.7,4.35,0.0,7.65,1.35,0.0,3.15,0.0,3.1500000000000004,7.3,192.9,27.0,3.75,0.0,0.0,27.9,4.5,1.35,0.0,6.3,10.35,14.077272727272726,2320.1330578512398,0.0,6.42,17.35
6.0,3.6,4.3,0.0,7.2,1.8,0.0,2.7,0.0,4.2,6.9,191.7,27.0,3.5,0.0,0.0,28.2,4.5,1.8,0.0,5.4,10.8,14.072727272727272,2276.8950413223142,0.0,6.46,17.33125
6.0,4.5,4.25,0.0,6.75,2.25,0.0,2.25,0.0,5.25,6.5,190.5,27.0,3.25,0.0,0.0,28.5,4.5,2.25,0.0,4.5,11.25,14.068181818181817,2233.6570247933887,0.0,6.5,17.3125
6.0,5.4,4.2,0.0,6.3,2.7,0.0,1.7999999999999998,0.0,6.300000000000001,6.1,189.3,27.0,3.0,0.0,0.0,28.8,4.5,2.7,0.0,3.5999999999999996,11.7,14.063636363636363,2190.419008264463,0.0,6.54,17.29375
6.0,6.3,4.15,0.0,5.85,3.15,0.0,1.35,0.0,7.3500000000000005,5.699999999999999,188.1,27.0,2.75,0.0,0.0,29.1,4.5,3.15,0.0,2.7,12.15,14.059090909090909,2147.1809917355376,0.0,6.58,17.275
6.0,7.2,4.1,0.0,5.4,3.6,0.0,0.8999999999999999,0.0,8.4,5.3,186.9,27.0,2.5,0.0,0.0,29.4,4.5,3.6,0.0,1.7999999999999998,12.6,14.054545454545455,2103.942975206612,0.0,6.62,17.25625
6.0,8.1,4.05,0.0,4.95,4.05,0.0,0.4500000000000002,0.0,9.450000000000001,4.9,185.7,27.0,2.25,0.0,0.0,29.7,4.5,4.05,0.0,0.9000000000000004,13.05,14.049999999999999,2060.7049586776866,0.0,6.66,17.2375
6.0,9.0,4.0,0.0,4.5,4.5,0.0,0.0,0.0,10.5,4.5,184.5,27.0,2.0,0.0,0.0,30.0,4.5,4.5,0.0,0.0,13.5,14.045454545454545,2017.4669421487608,0.0,6.7,17.21875
5.7,9.0,3.6,0.45,4.5,4.05,0.0,0.0,0.45,10.5,4.5,185.4,24.3,2.25,0.0,0.0,27.3,4.95,4.5,0.9,0.0,13.05,13.881818181818181,2033.3993801652898,0.45,6.12,17.146875
5.4,9.0,3.2,0.9,4.5,3.6,0.0,0.0,0.9,10.5,4.5,186.3,21.6,2.5,0.0,0.0,24.6,5.4,4.5,1.8,0.0,12.6,13.718181818181819,2049.3318181818186,0.9,5.54,17.075
5.1,9.0,2.8,1.35,4.5,3.15,0.0,0.0,1.35,10.5,4.5,187.2,18.9,2.75,0.0,0.0,21.9,5.85,4.5,2.7,0.0,12.15,13.554545454545455,2065.2642561983475,1.35,4.960000000000001,17.003125
4.8,9.0,2.4,1.8,4.5,2.7,0.0,0.0,1.8,10.5,4.5,188.1,16.2,3.0,0.0,0.0,19.2,6.3,4.5,3.6,0.0,11.7,13.39090909090909,2081.1966942148765,1.8,4.380000000000001,16.93125
4.5,9.0,2.0,2.25,4.5,2.25,0.0,0.0,2.25,10.5,4.5,189.0,13.5,3.25,0.0,0.0,16.5,6.75,4.5,4.5,0.0,11.25,13.227272727272727,2097.1291322314055,2.25,3.8000000000000003,16.859375
4.2,9.0,1.5999999999999996,2.7,4.5,1.7999999999999998,0.0,0.0,2.7,10.5,4.5,189.9,10.799999999999997,3.5,0.0,0.0,13.799999999999997,7.2,4.5,5.4,0.0,10.8,13.063636363636364,2113.0615702479345,2.7,3.2200000000000006,16.7875
3.9,9.0,1.1999999999999997,3.15,4.5,1.35,0.0,0.0,3.15,10.5,4.5,190.8,8.099999999999998,3.75,0.0,0.0,11.099999999999998,7.65,4.5,6.3,0.0,10.35,12.9,2128.994008264463,3.15,2.6400000000000006,16.715625
3.6,9.0,0.7999999999999998,3.6,4.5,0.8999999999999999,0.0,0.0,3.6,10.5,4.5,191.7,5.399999999999999,4.0,0.0,0.0,8.399999999999999,8.1,4.5,7.2,0.0,9.9,12.736363636363636,2144.926446280992,3.6,2.0600000000000005,16.64375
3.3000000000000003,9.0,0.3999999999999999,4.05,4.5,0.4500000000000002,0.0,0.0,4.05,10.5,4.5,192.6,2.6999999999999993,4.25,0.0,0.0,5.699999999999999,8.55,4.5,8.1,0.0,9.45,12.572727272727274,2160.858884297521,4.05,1.4800000000000004,16.571875
3.0,9.0,0.0,4.5,4.5,0.0,0.0,0.0,4.5,10.5,4.5,193.5,0.0,4.5,0.0,0.0,3.0,9.0,4.5,9.0,0.0,9.0,12.40909090909091,2176.79132231405,4.5,0.9,16.5
3.6,8.5,0.0,4.5,4.45,0.0,0.0,0.0,4.05,9.45,4.5,193.5,0.0,4.5,0.0,0.0,3.3,8.55,4.05,11.4,0.0,8.1,12.38409090909091,2185.146590909091,4.05,0.9,16.49375
4.2,8.0,0.0,4.5,4.4,0.0,0.0,0.0,3.6,8.4,4.5,193.5,0.0,4.5,0.0,0.0,3.6,8.1,3.6,13.8,0.0,7.2,12.35909090909091,2193.5018595041324,3.6,0.9,16.4875
4.8,7.5,0.0,4.5,4.35,0.0,0.0,0.0,3.15,7.35,4.5,193.5,0.0,4.5,0.0,0.0,3.9,7.65,3.15,16.2,0.0,6.3,12.33409090909091,2201.8571280991737,3.15,0.9,16.48125
5.4,7.0,0.0,4.5,4.3,0.0,0.0,0.0,2.7,6.3,4.5,193.5,0.0,4.5,0.0,0.0,4.2,7.2,2.7,18.6,0.0,5.4,12.30909090909091,2210.212396694215,2.7,0.9,16.475
6.0,6.5,0.0,4.5,4.25,0.0,0.0,0.0,2.25,5.25,4.5,193.5,0.0,4.5,0.0,0.0,4.5,6.75,2.25,21.0,0.0,4.5,12.28409090909091,2218.567665289256,2.25,0.9,16.46875
6.6,6.0,0.0,4.5,4.2,0.0,0.0,0.0,1.7999999999999998,4.199999999999999,4.5,193.5,0.0,4.5,0.0,0.0,4.8,6.3,1.7999999999999998,23.4,0.0,3.5999999999999996,12.25909090909091,2226.922933884298,1.7999999999999998,0.9,16.4625
7.2,5.5,0.0,4.5,4.15,0.0,0.0,0.0,1.35,3.1499999999999995,4.5,193.5,0.0,4.5,0.0,0.0,5.1,5.85,1.35,25.8,0.0,2.7,12.23409090909091,2235.278202479339,1.35,0.9,16.45625
7.8,5.0,0.0,4.5,4.1,0.0,0.0,0.0,0.8999999999999999,2.0999999999999996,4.5,193.5,0.0,4.5,0.0,0.0,5.4,5.4,0.8999999999999999,28.2,0.0,1.7999999999999998,12.20909090909091,2243.6334710743804,0.8999999999999999,0.9,16.45
8.399999999999999,4.5,0.0,4.5,4.05,0.0,0.0,0.0,0.4500000000000002,1.049999999999999,4.5,193.5,0.0,4.5,0.0,0.0,5.699999999999999,4.95,0.4500000000000002,30.599999999999998,0.0,0.9000000000000004,12.18409090909091,2251.9887396694216,0.4500000000000002,0.9,16.44375
9.0,4.0,0.0,4.5,4.0,0.0,0.0,0.0,0.0,0.0,4.5,193.5,0.0,4.5,0.0,0.0,6.0,4.5,0.0,33.0,0.0,0.0,12.15909090909091,2260.344008264463,0.0,0.9,16.4375
9.0,3.6,0.0,4.5,4.05,0.0,0.0,1.5,0.0,0.0,4.05,197.15,0.0,4.5,0.0,0.45,5.7,4.5,0.0,29.7,0.0,0.0,12.213636363636365,2352.710950413223,0.0,0.99,16.484375
9.0,3.2,0.0,4.5,4.1,0.0,0.0,3.0,0.0,0.0,3.6,200.8,0.0,4.5,0.0,0.9,5.4,4.5,0.0,26.4,0.0,0.0,12.26818181818182,2445.0778925619834,0.0,1.08,16.53125
9.0,2.8,0.0,4.5,4.15,0.0,0.0,4.5,0.0,0.0,3.15,204.45,0.0,4.5,0.0,1.35,5.1,4.5,0.0,23.1,0.0,0.0,12.322727272727272,2537.4448347107436,0.0,1.17,16.578125
9.0,2.4,0.0,4.5,4.2,0.0,0.0,6.0,0.0,0.0,2.7,208.1,0.0,4.5,0.0,1.8,4.8,4.5,0.0,19.8,0.0,0.0,12.377272727272727,2629.811776859504,0.0,1.26,16.625
9.0,2.0,0.0,4.5,4.25,0.0,0.0,7.5,0.0,0.0,2.25,211.75,0.0,4.5,0.0,2.25,4.5,4.5,0.0,16.5,0.0,0.0,12.431818181818182,2722.178719008264,0.0,1.35,16.671875
9.0,1.5999999999999996,0.0,4.5,4.3,0.0,0.0,9.0,0.0,0.0,1.7999999999999998,215.4,0.0,4.5,0.0,2.7,4.2,4.5,0.0,13.200000000000003,0.0,0.0,12.486363636363636,2814.5456611570244,0.0,1.44,16.71875
9.0,1.1999999999999997,0.0,4.5,4.35,0.0,0.0,10.5,0.0,0.0,1.35,219.05,0.0,4.5,0.0,3.15,3.9,4.5,0.0,9.900000000000002,0.0,0.0,12.540909090909091,2906.9126033057846,0.0,1.53,16.765625
9.0,0.7999999999999998,0.0,4.5,4.4,0.0,0.0,12.0,0.0,0.0,0.8999999999999999,222.7,0.0,4.5,0.0,3.6,3.6,4.5,0.0,6.600000000000001,0.0,0.0,12.595454545454544,2999.279545454545,0.0,1.62,16.8125
9.0,0.3999999999999999,0.0,4.5,4.45,0.0,0.0,13.5,0.0,0.0,0.4500000000000002,226.35,0.0,4.5,0.0,4.05,3.3000000000000003,4.5,0.0,3.3000000000000007,0.0,0.0,12.649999999999999,3091.646487603305,0.0,1.71,16.859375
9.0,0.0,0.0,4.5,4.5,0.0,0.0,15.0,0.0,0.0,0.0,230.0,0.0,4.5,0.0,4.5,3.0,4.5,0.0,0.0,0.0,0.0,12.704545454545453,3184.0134297520653,0.0,1.8,16.90625
8.4,0.0,2.25,4.5,4.05,0.45,0.0,15.6,0.0,0.2,0.0,234.75,0.0,4.5,0.0,4.5,3.0,4.8,0.0,0.0,0.0,0.0,13.045454545454545,3324.8535123966935,0.0,1.8900000000000001,17.346875
7.8,0.0,4.5,4.5,3.6,0.9,0.0,16.2,0.0,0.4,0.0,239.5,0.0,4.5,0.0,4.5,3.0,5.1,0.0,0.0,0.0,0.0,13.386363636363635,3465.6935950413217,0.0,1.98,17.7875
7.2,0.0,6.75,4.5,3.15,1.35,0.0,16.8,0.0,0.6000000000000001,0.0,244.25,0.0,4.5,0.0,4.5,3.0,5.4,0.0,0.0,0.0,0.0,13.727272727272727,3606.5336776859494,0.0,2.0700000000000003,18.228125
6.6,0.0,9.0,4.5,2.7,1.8,0.0,17.4,0.0,0.8,0.0,249.0,0.0,4.5,0.0,4.5,3.0,5.7,0.0,0.0,0.0,0.0,14.068181818181817,3747.3737603305776,0.0,2.16,18.66875
6.0,0.0,11.25,4.5,2.25,2.25,0.0,18.0,0.0,1.0,0.0,253.75,0.0,4.5,0.0,4.5,3.0,6.0,0.0,0.0,0.0,0.0,14.409090909090908,3888.213842975206,0.0,2.25,19.109375
5.4,0.0,13.5,4.5,1.7999999999999998,2.7,0.0,18.6,0.0,1.2000000000000002,0.0,258.5,0.0,4.5,0.0,4.5,3.0,6.3,0.0,0.0,0.0,0.0,14.75,4029.053925619834,0.0,2.34,19.55
4.8,0.0,15.75,4.5,1.35,3.15,0.0,19.2,0.0,1.4000000000000001,0.0,263.25,0.0,4.5,0.0,4.5,3.0,6.6,0.0,0.0,0.0,0.0,15.09090909090909,4169.894008264462,0.0,2.43,19.990625
4.2,0.0,18.0,4.5,0.8999999999999999,3.6,0.0,19.8,0.0,1.6,0.0,268.0,0.0,4.5,0.0,4.5,3.0,6.9,0.0,0.0,0.0,0.0,15.431818181818182,4310.73409090909,0.0,2.52,20.43125
3.6000000000000005,0.0,20.25,4.5,0.4500000000000002,4.05,0.0,20.4,0.0,1.8,0.0,272.75,0.0,4.5,0.0,4.5,3.0,7.199999999999999,0.0,0.0,0.0,0.0,15.772727272727272,4451.5741735537185,0.0,2.6100000000000003,20.871875
3.0,0.0,22.5,4.5,0.0,4.5,0.0,21.0,0.0,2.0,0.0,277.5,0.0,4.5,0.0,4.5,3.0,7.5,0.0,0.0,0.0,0.0,16.113636363636363,4592.414256198346,0.0,2.7,21.3125
2.7,0.45,22.5,4.5,0.0,4.5,0.0,19.95,0.0,2.7,0.45,274.35,0.0,4.5,0.0,4.05,3.6,7.8,1.65,0.45,0.2,0.0,16.10681818181818,4468.771797520661,0.0,2.6100000000000003,21.33125
2.4,0.9,22.5,4.5,0.0,4.5,0.0,18.9,0.0,3.4,0.9,271.2,0.0,4.5,0.0,3.6,4.2,8.1,3.3,0.9,0.4,0.0,16.1,4345.129338842974,0.0,2.52,21.35
2.1,1.35,22.5,4.5,0.0,4.5,0.0,17.85,0.0,4.1,1.35,268.05,0.0,4.5,0.0,3.15,4.8,8.4,4.949999999999999,1.35,0.6000000000000001,0.0,16.09318181818182,4221.486880165288,0.0,2.43,21.36875
1.8,1.8,22.5,4.5,0.0,4.5,0.0,16.8,0.0,4.8,1.8,264.9,0.0,4.5,0.0,2.7,5.4,8.7,6.6,1.8,0.8,0.0,16.086363636363636,4097.844421487602,0.0,2.3400000000000003,21.3875
1.5,2.25,22.5,4.5,0.0,4.5,0.0,15.75,0.0,5.5,2.25,261.75,0.0,4.5,0.0,2.25,6.0,9.0,8.25,2.25,1.0,0.0,16.079545454545453,3974.201962809916,0.0,2.25,21.40625
1.2000000000000002,2.7,22.5,4.5,0.0,4.5,0.0,14.7,0.0,6.199999999999999,2.7,258.6,0.0,4.5,0.0,1.7999999999999998,6.6,9.3,9.899999999999999,2.7,1.2000000000000002,0.0,16.072727272727274,3850.55950413223,0.0,2.16,21.425
0.8999999999999999,3.15,22.5,4.5,0.0,4.5,0.0,13.649999999999999,0.0,6.8999999999999995,3.15,255.45,0.0,4.5,0.0,1.35,7.2,9.6,11.549999999999999,3.15,1.4000000000000001,0.0,16.06590909090909,3726.9170454545438,0.0,2.0700000000000003,21.44375
0.6000000000000001,3.6,22.5,4.5,0.0,4.5,0.0,12.6,0.0,7.6,3.6,252.3,0.0,4.5,0.0,0.8999999999999999,7.8,9.9,13.2,3.6,1.6,0.0,16.05909090909091,3603.274586776858,0.0,1.98,21.4625
0.30000000000000027,4.05,22.5,4.5,0.0,4.5,0.0,11.549999999999999,0.0,8.3,4.05,249.15,0.0,4.5,0.0,0.4500000000000002,8.399999999999999,10.2,14.85,4.05,1.8,0.0,16.05227272727273,3479.6321280991715,0.0,1.8900000000000001,21.48125
0.0,4.5,22.5,4.5,0.0,4.5,0.0,10.5,0.0,9.0,4.5,246.0,0.0,4.5,0.0,0.0,9.0,10.5,16.5,4.5,2.0,0.0,16.045454545454547,3355.989669421486,0.0,1.8,21.5
0.0,4.05,21.35,8.25,0.0,4.05,0.0,9.9,0.0,9.0,4.5,240.0,0.0,4.25,0.0,0.0,8.4,11.4,16.5,9.6,3.15,0.0,16.10909090909091,3289.492355371899,0.0,1.6600000000000001,21.63125
0.0,3.6,20.2,12.0,0.0,3.6,0.0,9.3,0.0,9.0,4.5,234.0,0.0,4.0,0.0,0.0,7.8,12.3,16.5,14.7,4.3,0.0,16.172727272727276,3222.9950413223128,0.0,1.52,21.7625
0.0,3.15,19.05,15.75,0.0,3.15,0.0,8.7,0.0,9.0,4.5,228.0,0.0,3.75,0.0,0.0,7.2,13.2,16.5,19.799999999999997,5.449999999999999,0.0,16.236363636363638,3156.4977272727265,0.0,1.3800000000000001,21.89375
0.0,2.7,17.9,19.5,0.0,2.7,0.0,8.1,0.0,9.0,4.5,222.0,0.0,3.5,0.0,0.0,6.6,14.1,16.5,24.9,6.6,0.0,16.3,3090.0004132231397,0.0,1.2400000000000002,22.025
0.0,2.25,16.75,23.25,0.0,2.25,0.0,7.5,0.0,9.0,4.5,216.0,0.0,3.25,0.0,0.0,6.0,15.0,16.5,30.0,7.75,0.0,16.363636363636367,3023.503099173553,0.0,1.1,22.15625
0.0,1.7999999999999998,15.600000000000001,27.0,0.0,1.7999999999999998,0.0,6.9,0.0,9.0,4.5,210.0,0.0,3.0,0.0,0.0,5.4,15.9,16.5,35.099999999999994,8.899999999999999,0.0,16.42727272727273,2957.0057851239667,0.0,0.9600000000000002,22.2875
0.0,1.35,14.450000000000001,30.75,0.0,1.35,0.0,6.3,0.0,9.0,4.5,204.0,0.0,2.75,0.0,0.0,4.8,16.8,16.5,40.199999999999996,10.049999999999999,0.0,16.490909090909092,2890.5084710743804,0.0,0.8200000000000002,22.41875
0.0,0.8999999999999999,13.3,34.5,0.0,0.8999999999999999,0.0,5.7,0.0,9.0,4.5,198.0,0.0,2.5,0.0,0.0,4.2,17.7,16.5,45.3,11.2,0.0,16.554545454545455,2824.0111570247936,0.0,0.6800000000000002,22.55
0.0,0.4500000000000002,12.15,38.25,0.0,0.4500000000000002,0.0,5.1000000000000005,0.0,9.0,4.5,192.0,0.0,2.25,0.0,0.0,3.6000000000000005,18.6,16.5,50.4,12.35,0.0,16.61818181818182,2757.513842975207,0.0,0.5400000000000003,22.68125
0.0,0.0,11.0,42.0,0.0,0.0,0.0,4.5,0.0,9.0,4.5,186.0,0.0,2.0,0.0,0.0,3.0,19.5,16.5,55.5,13.5,0.0,16.681818181818183,2691.0165289256206,0.0,0.4,22.8125
0.0,0.0,9.9,41.55,0.0,0.0,0.0,4.5,0.45,8.1,5.1,191.85,0.0,1.8,0.45,0.0,2.7,18.0,15.3,49.95,12.6,0.0,16.465909090909093,2863.7339876033066,0.45,0.36000000000000004,22.5
0.0,0.0,8.8,41.1,0.0,0.0,0.0,4.5,0.9,7.2,5.7,197.7,0.0,1.6,0.9,0.0,2.4,16.5,14.1,44.4,11.7,0.0,16.25,3036.4514462809925,0.9,0.32,22.1875
0.0,0.0,7.699999999999999,40.65,0.0,0.0,0.0,4.5,1.35,6.3,6.3,203.55,0.0,1.4,1.35,0.0,2.1,15.0,12.9,38.85,10.8,0.0,16.03409090909091,3209.1689049586785,1.35,0.28,21.875
0.0,0.0,6.6,40.2,0.0,0.0,0.0,4.5,1.8,5.4,6.9,209.4,0.0,1.2,1.8,0.0,1.8,13.5,11.7,33.3,9.9,0.0,15.81818181818182,3381.886363636365,1.8,0.24000000000000002,21.5625
0.0,0.0,5.5,39.75,0.0,0.0,0.0,4.5,2.25,4.5,7.5,215.25,0.0,1.0,2.25,0.0,1.5,12.0,10.5,27.75,9.0,0.0,15.602272727272728,3554.6038223140504,2.25,0.2,21.25
0.0,0.0,4.3999999999999995,39.3,0.0,0.0,0.0,4.5,2.7,3.5999999999999996,8.1,221.1,0.0,0.7999999999999998,2.7,0.0,1.2000000000000002,10.5,9.3,22.200000000000003,8.1,0.0,15.386363636363637,3727.321280991737,2.7,0.16000000000000003,20.9375
0.0,0.0,3.299999999999999,38.85,0.0,0.0,0.0,4.5,3.15,2.7,8.7,226.95,0.0,0.5999999999999999,3.15,0.0,0.8999999999999999,9.0,8.1,16.65,7.2,0.0,15.170454545454547,3900.0387396694227,3.15,0.12,20.625
0.0,0.0,2.1999999999999993,38.4,0.0,0.0,0.0,4.5,3.6,1.7999999999999998,9.3,232.8,0.0,0.3999999999999999,3.6,0.0,0.6000000000000001,7.5,6.9,11.100000000000001,6.3,0.0,14.954545454545455,4072.7561983471087,3.6,0.08000000000000002,20.3125
0.0,0.0,1.0999999999999996,37.95,0.0,0.0,0.0,4.5,4.05,0.9000000000000004,9.899999999999999,238.65,0.0,0.19999999999999996,4.05,0.0,0.30000000000000027,6.0,5.700000000000001,5.550000000000004,5.4,0.0,14.738636363636365,4245.473657024795,4.05,0.040000000000000036,20.0
0.0,0.0,0.0,37.5,0.0,0.0,0.0,4.5,4.5,0.0,10.5,244.5,0.0,0.0,4.5,0.0,0.0,4.5,4.5,0.0,4.5,0.0,14.522727272727273,4418.191115702481,4.5,0.0,19.6875
0.0,0.0,0.0,33.75,0.2,0.0,0.45,4.5,4.5,0.0,10.5,244.5,0.0,0.0,4.5,2.25,0.0,4.05,4.5,0.0,4.05,0.0,14.443181818181818,4420.77861570248,4.5,0.54,19.409375
0.0,0.0,0.0,30.0,0.4,0.0,0.9,4.5,4.5,0.0,10.5,244.5,0.0,0.0,4.5,4.5,0.0,3.6,4.5,0.0,3.6,0.0,14.363636363636363,4423.366115702481,4.5,1.08,19.13125
0.0,0.0,0.0,26.25,0.6000000000000001,0.0,1.35,4.5,4.5,0.0,10.5,244.5,0.0,0.0,4.5,6.75,0.0,3.15,4.5,0.0,3.15,0.0,14.28409090909091,4425.95361570248,4.5,1.62,18.853125
0.0,0.0,0.0,22.5,0.8,0.0,1.8,4.5,4.5,0.0,10.5,244.5,0.0,0.0,4.5,9.0,0.0,2.7,4.5,0.0,2.7,0.0,14.204545454545455,4428.541115702481,4.5,2.16,18.575
0.0,0.0,0.0,18.75,1.0,0.0,2.25,4.5,4.5,0.0,10.5,244.5,0.0,0.0,4.5,11.25,0.0,2.25,4.5,0.0,2.25,0.0,14.125,4431.128615702481,4.5,2.7,18.296875
0.0,0.0,0.0,15.0,1.2000000000000002,0.0,2.7,4.5,4.5,0.0,10.5,244.5,0.0,0.0,4.5,13.5,0.0,1.7999999999999998,4.5,0.0,1.7999999999999998,0.0,14.045454545454545,4433.71611570248,4.5,3.24,18.01875
0.0,0.0,0.0,11.25,1.4000000000000001,0.0,3.15,4.5,4.5,0.0,10.5,244.5,0.0,0.0,4.5,15.75,0.0,1.35,4.5,0.0,1.35,0.0,13.96590909090909,4436.303615702481,4.5,3.7800000000000002,17.740625
0.0,0.0,0.0,7.5,1.6,0.0,3.6,4.5,4.5,0.0,10.5,244.5,0.0,0.0,4.5,18.0,0.0,0.8999999999999999,4.5,0.0,0.8999999999999999,0.0,13.886363636363637,4438.89111570248,4.5,4.32,17.4625
0.0,0.0,0.0,3.75,1.8,0.0,4.05,4.5,4.5,0.0,10.5,244.5,0.0,0.0,4.5,20.25,0.0,0.4500000000000002,4.5,0.0,0.4500000000000002,0.0,13.806818181818182,4441.478615702481,4.5,4.86,17.184375
0.0,0.0,0.0,0.0,2.0,0.0,4.5,4.5,4.5,0.0,10.5,244.5,0.0,0.0,4.5,22.5,0.0,0.0,4.5,0.0,0.0,0.0,13.727272727272727,4444.066115702481,4.5,5.4,16.90625
0.0,0.0,0.0,0.0,1.8,0.45,4.5,4.5,4.5,0.0,9.45,242.0,0.0,0.0,4.5,20.25,15.0,0.0,4.05,1.5,0.0,0.0,14.204545454545453,4498.919008264464,4.5,5.04,17.675
0.0,0.0,0.0,0.0,1.6,0.9,4.5,4.5,4.5,0.0,8.4,239.5,0.0,0.0,4.5,18.0,30.0,0.0,3.6,3.0,0.0,0.0,14.681818181818182,4553.771900826448,4.5,4.680000000000001,18.44375
0.0,0.0,0.0,0.0,1.4,1.35,4.5,4.5,4.5,0.0,7.35,237.0,0.0,0.0,4.5,15.75,45.0,0.0,3.15,4.5,0.0,0.0,15.159090909090908,4608.624793388431,4.5,4.32,19.2125
0.0,0.0,0.0,0.0,1.2,1.8,4.5,4.5,4.5,0.0,6.3,234.5,0.0,0.0,4.5,13.5,60.0,0.0,2.7,6.0,0.0,0.0,15.636363636363637,4663.4776859504145,4.5,3.96,19.98125
0.0,0.0,0.0,0.0,1.0,2.25,4.5,4.5,4.5,0.0,5.25,232.0,0.0,0.0,4.5,11.25,75.0,0.0,2.25,7.5,0.0,0.0,16.113636363636363,4718.330578512398,4.5,3.6,20.75
0.0,0.0,0.0,0.0,0.7999999999999998,2.7,4.5,4.5,4.5,0.0,4.199999999999999,229.5,0.0,0.0,4.5,9.0,90.0,0.0,1.7999999999999998,9.0,0.0,0.0,16.59090909090909,4773.183471074381,4.5,3.24,21.51875
0.0,0.0,0.0,0.0,0.5999999999999999,3.15,4.5,4.5,4.5,0.0,3.1499999999999995,227.0,0.0,0.0,4.5,6.75,105.0,0.0,1.35,10.5,0.0,0.0,17.068181818181817,4828.0363636363645,4.5,2.88,22.2875
0.0,0.0,0.0,0.0,0.3999999999999999,3.6,4.5,4.5,4.5,0.0,2.0999999999999996,224.5,0.0,0.0,4.5,4.5,120.0,0.0,0.8999999999999999,12.0,0.0,0.0,17.545454545454547,4882.8892561983475,4.5,2.52,23.05625
0.0,0.0,0.0,0.0,0.19999999999999996,4.05,4.5,4.5,4.5,0.0,1.049999999999999,222.0,0.0,0.0,4.5,2.25,135.0,0.0,0.4500000000000002,13.5,0.0,0.0,18.022727272727273,4937.7421487603315,4.5,2.16,23.825
0.0,0.0,0.0,0.0,0.0,4.5,4.5,4.5,4.5,0.0,0.0,219.5,0.0,0.0,4.5,0.0,150.0,0.0,0.0,15.0,0.0,0.0,18.5,4992.5950413223145,4.5,1.8,24.59375
0.0,0.0,0.0,0.0,0.0,4.05,4.5,4.5,4.5,0.0,0.0,222.6,0.0,0.0,4.5,0.45,135.6,0.0,0.0,13.5,0.0,0.0,17.918181818181818,4914.676859504133,4.5,1.8,23.79375
0.0,0.0,0.0,0.0,0.0,3.6,4.5,4.5,4.5,0.0,0.0,225.7,0.0,0.0,4.5,0.9,121.2,0.0,0.0,12.0,0.0,0.0,17.336363636363636,4836.758677685951,4.5,1.8,22.99375
0.0,0.0,0.0,0.0,0.0,3.15,4.5,4.5,4.5,0.0,0.0,228.8,0.0,0.0,4.5,1.35,106.8,0.0,0.0,10.5,0.0,0.0,16.754545454545454,4758.840495867769,4.5,1.8,22.19375
0.0,0.0,0.0,0.0,0.0,2.7,4.5,4.5,4.5,0.0,0.0,231.9,0.0,0.0,4.5,1.8,92.4,0.0,0.0,9.0,0.0,0.0,16.172727272727272,4680.922314049588,4.5,1.8,21.39375
0.0,0.0,0.0,0.0,0.0,2.25,4.5,4.5,4.5,0.0,0.0,235.0,0.0,0.0,4.5,2.25,78.0,0.0,0.0,7.5,0.0,0.0,15.59090909090909,4603.004132231406,4.5,1.8,20.59375
0.0,0.0,0.0,0.0,0.0,1.7999999999999998,4.5,4.5,4.5,0.0,0.0,238.1,0.0,0.0,4.5,2.7,63.599999999999994,0.0,0.0,6.0,0.0,0.0,15.00909090909091,4525.085950413224,4.5,1.8,19.79375
0.0,0.0,0.0,0.0,0.0,1.35,4.5,4.5,4.5,0.0,0.0,241.2,0.0,0.0,4.5,3.15,49.2,0.0,0.0,4.5,0.0,0.0,14.427272727272728,4447.167768595043,4.5,1.8,18.99375
0.0,0.0,0.0,0.0,0.0,0.8999999999999999,4.5,4.5,4.5,0.0,0.0,244.3,0.0,0.0,4.5,3.6,34.8,0.0,0.0,3.0,0.0,0.0,13.845454545454546,4369.249586776861,4.5,1.8,18.19375
0.0,0.0,0.0,0.0,0.0,0.4500000000000002,4.5,4.5,4.5,0.0,0.0,247.4,0.0,0.0,4.5,4.05,20.400000000000006,0.0,0.0,1.5,0.0,0.0,13.263636363636364,4291.331404958679,4.5,1.8,17.39375
0.0,0.0,0.0,0.0,0.0,0.0,4.5,4.5,4.5,0.0,0.0,250.5,0.0,0.0,4.5,4.5,6.0,0.0,0.0,0.0,0.0,0.0,12.681818181818182,4213.413223140497,4.5,1.8,16.59375
0.0,0.0,0.0,0.0,0.0,0.0,5.1,4.5,4.05,0.0,0.0,254.25,0.0,0.0,4.05,4.05,5.7,0.45,0.45,0.0,0.0,0.0,12.845454545454546,4412.794834710745,4.05,1.83,16.8375
0.0,0.0,0.0,0.0,0.0,0.0,5.7,4.5,3.6,0.0,0.0,258.0,0.0,0.0,3.6,3.6,5.4,0.9,0.9,0.0,0.0,0.0,13.00909090909091,4612.176446280993,3.6,1.86,17.08125
0.0,0.0,0.0,0.0,0.0,0.0,6.3,4.5,3.15,0.0,0.0,261.75,0.0,0.0,3.15,3.15,5.1,1.35,1.35,0.0,0.0,0.0,13.172727272727272,4811.558057851241,3.15,1.8900000000000001,17.325
0.0,0.0,0.0,0.0,0.0,0.0,6.9,4.5,2.7,0.0,0.0,265.5,0.0,0.0,2.7,2.7,4.8,1.8,1.8,0.0,0.0,0.0,13.336363636363636,5010.939669421488,2.7,1.9200000000000002,17.56875
0.0,0.0,0.0,0.0,0.0,0.0,7.5,4.5,2.25,0.0,0.0,269.25,0.0,0.0,2.25,2.25,4.5,2.25,2.25,0.0,0.0,0.0,13.5,5210.321280991737,2.25,1.9500000000000002,17.8125
0.0,0.0,0.0,0.0,0.0,0.0,8.1,4.5,1.7999999999999998,0.0,0.0,273.0,0.0,0.0,1.7999999999999998,1.7999999999999998,4.2,2.7,2.7,0.0,0.0,0.0,13.663636363636364,5409.702892561984,1.7999999999999998,1.98,18.05625
0.0,0.0,0.0,0.0,0.0,0.0,8.7,4.5,1.35,0.0,0.0,276.75,0.0,0.0,1.35,1.35,3.9,3.15,3.15,0.0,0.0,0.0,13.827272727272728,5609.084504132232,1.35,2.0100000000000002,18.3
0.0,0.0,0.0,0.0,0.0,0.0,9.3,4.5,0.8999999999999999,0.0,0.0,280.5,0.0,0.0,0.8999999999999999,0.8999999999999999,3.6,3.6,3.6,0.0,0.0,0.0,13.99090909090909,5808.46611570248,0.8999999999999999,2.04,18.54375
0.0,0.0,0.0,0.0,0.0,0.0,9.899999999999999,4.5,0.4500000000000002,0.0,0.0,284.25,0.0,0.0,0.4500000000000002,0.4500000000000002,3.3000000000000003,4.05,4.05,0.0,0.0,0.0,14.154545454545454,6007.847727272728,0.4500000000000002,2.0700000000000003,18.7875
0.0,0.0,0.0,0.0,0.0,0.0,10.5,4.5,0.0,0.0,0.0,288.0,0.0,0.0,0.0,0.0,3.0,4.5,4.5,0.0,0.0,0.0,14.318181818181818,6207.229338842975,0.0,2.1,19.03125
0.0,0.0,0.0,0.0,0.45,0.0,9.45,4.05,0.0,0.0,0.45,281.4,0.0,0.0,0.45,0.9,3.75,6.6,4.05,0.45,0.0,0.0,14.181818181818182,5944.976033057851,0.0,2.0700000000000003,18.853125
0.0,0.0,0.0,0.0,0.9,0.0,8.4,3.6,0.0,0.0,0.9,274.8,0.0,0.0,0.9,1.8,4.5,8.7,3.6,0.9,0.0,0.0,14.045454545454545,5682.722727272727,0.0,2.04,18.675
0.0,0.0,0.0,0.0,1.35,0.0,7.35,3.15,0.0,0.0,1.35,268.2,0.0,0.0,1.35,2.7,5.25,10.8,3.15,1.35,0.0,0.0,13.909090909090908,5420.469421487603,0.0,2.0100000000000002,18.496875
0.0,0.0,0.0,0.0,1.8,0.0,6.3,2.7,0.0,0.0,1.8,261.6,0.0,0.0,1.8,3.6,6.0,12.9,2.7,1.8,0.0,0.0,13.772727272727272,5158.216115702478,0.0,1.98,18.31875
0.0,0.0,0.0,0.0,2.25,0.0,5.25,2.25,0.0,0.0,2.25,255.0,0.0,0.0,2.25,4.5,6.75,15.0,2.25,2.25,0.0,0.0,13.636363636363637,4895.962809917354,0.0,1.9500000000000002,18.140625
0.0,0.0,0.0,0.0,2.7,0.0,4.199999999999999,1.7999999999999998,0.0,0.0,2.7,248.4,0.0,0.0,2.7,5.4,7.5,17.1,1.7999999999999998,2.7,0.0,0.0,13.5,4633.70950413223,0.0,1.92,17.9625
0.0,0.0,0.0,0.0,3.15,0.0,3.1499999999999995,1.35,0.0,0.0,3.15,241.8,0.0,0.0,3.15,6.3,8.25,19.200000000000003,1.35,3.15,0.0,0.0,13.363636363636363,4371.456198347106,0.0,1.8900000000000001,17.784375
0.0,0.0,0.0,0.0,3.6,0.0,2.0999999999999996,0.8999999999999999,0.0,0.0,3.6,235.2,0.0,0.0,3.6,7.2,9.0,21.3,0.8999999999999999,3.6,0.0,0.0,13.227272727272727,4109.202892561982,0.0,1.86,17.60625
0.0,0.0,0.0,0.0,4.05,0.0,1.049999999999999,0.4500000000000002,0.0,0.0,4.05,228.6,0.0,0.0,4.05,8.1,9.75,23.400000000000002,0.4500000000000002,4.05,0.0,0.0,13.09090909090909,3846.9495867768574,0.0,1.83,17.428125
0.0,0.0,0.0,0.0,4.5,0.0,0.0,0.0,0.0,0.0,4.5,222.0,0.0,0.0,4.5,9.0,10.5,25.5,0.0,4.5,0.0,0.0,12.954545454545453,3584.696280991733,0.0,1.8,17.25
0.75,0.0,0.0,2.85,4.5,0.0,0.0,1.5,0.0,0.0,4.5,220.95,0.0,0.0,4.05,8.55,10.2,25.05,0.0,4.05,0.0,0.0,13.043181818181816,3562.492871900824,0.0,1.71,17.4
1.5,0.0,0.0,5.7,4.5,0.0,0.0,3.0,0.0,0.0,4.5,219.9,0.0,0.0,3.6,8.1,9.9,24.6,0.0,3.6,0.0,0.0,13.131818181818181,3540.289462809915,0.0,1.62,17.55
2.25,0.0,0.0,8.55,4.5,0.0,0.0,4.5,0.0,0.0,4.5,218.85,0.0,0.0,3.15,7.65,9.6,24.15,0.0,3.15,0.0,0.0,13.220454545454544,3518.086053719006,0.0,1.53,17.7
3.0,0.0,0.0,11.4,4.5,0.0,0.0,6.0,0.0,0.0,4.5,217.8,0.0,0.0,2.7,7.2,9.3,23.7,0.0,2.7,0.0,0.0,13.309090909090909,3495.882644628097,0.0,1.44,17.85
3.75,0.0,0.0,14.25,4.5,0.0,0.0,7.5,0.0,0.0,4.5,216.75,0.0,0.0,2.25,6.75,9.0,23.25,0.0,2.25,0.0,0.0,13.397727272727272,3473.679235537188,0.0,1.35,18.0
4.5,0.0,0.0,17.1,4.5,0.0,0.0,9.0,0.0,0.0,4.5,215.7,0.0,0.0,1.7999999999999998,6.3,8.7,22.8,0.0,1.7999999999999998,0.0,0.0,13.486363636363635,3451.475826446279,0.0,1.26,18.15
5.25,0.0,0.0,19.95,4.5,0.0,0.0,10.5,0.0,0.0,4.5,214.65,0.0,0.0,1.35,5.85,8.4,22.35,0.0,1.35,0.0,0.0,13.575,3429.2724173553697,0.0,1.17,18.3
6.0,0.0,0.0,22.8,4.5,0.0,0.0,12.0,0.0,0.0,4.5,213.6,0.0,0.0,0.8999999999999999,5.4,8.1,21.9,0.0,0.8999999999999999,0.0,0.0,13.663636363636362,3407.0690082644605,0.0,1.08,18.45
6.75,0.0,0.0,25.650000000000002,4.5,0.0,0.0,13.5,0.0,0.0,4.5,212.55,0.0,0.0,0.4500000000000002,4.95,7.800000000000001,21.45,0.0,0.4500000000000002,0.0,0.0,13.752272727272727,3384.865599173552,0.0,0.9900000000000001,18.6
7.5,0.0,0.0,28.5,4.5,0.0,0.0,15.0,0.0,0.0,4.5,211.5,0.0,0.0,0.0,4.5,7.5,21.0,0.0,0.0,0.0,0.0,13.84090909090909,3362.6621900826426,0.0,0.9,18.75
7.5,0.45,0.0,25.65,4.25,0.0,0.0,14.55,0.0,0.0,4.05,211.5,0.0,0.45,0.0,4.05,7.5,18.9,0.0,0.0,0.0,0.0,13.584090909090907,3361.0019628099153,0.0,0.9,18.396875
7.5,0.9,0.0,22.8,4.0,0.0,0.0,14.1,0.0,0.0,3.6,211.5,0.0,0.9,0.0,3.6,7.5,16.8,0.0,0.0,0.0,0.0,13.327272727272726,3359.3417355371885,0.0,0.9,18.04375
7.5,1.35,0.0,19.95,3.75,0.0,0.0,13.65,0.0,0.0,3.15,211.5,0.0,1.35,0.0,3.15,7.5,14.7,0.0,0.0,0.0,0.0,13.070454545454545,3357.681508264461,0.0,0.9,17.690625
7.5,1.8,0.0,17.1,3.5,0.0,0.0,13.2,0.0,0.0,2.7,211.5,0.0,1.8,0.0,2.7,7.5,12.6,0.0,0.0,0.0,0.0,12.813636363636363,3356.0212809917343,0.0,0.9,17.3375
7.5,2.25,0.0,14.25,3.25,0.0,0.0,12.75,0.0,0.0,2.25,211.5,0.0,2.25,0.0,2.25,7.5,10.5,0.0,0.0,0.0,0.0,12.55681818181818,3354.361053719007,0.0,0.9,16.984375
7.5,2.7,0.0,11.399999999999999,3.0,0.0,0.0,12.3,0.0,0.0,1.7999999999999998,211.5,0.0,2.7,0.0,1.7999999999999998,7.5,8.399999999999999,0.0,0.0,0.0,0.0,12.299999999999999,3352.7008264462797,0.0,0.9,16.63125
7.5,3.15,0.0,8.55,2.75,0.0,0.0,11.85,0.0,0.0,1.35,211.5,0.0,3.15,0.0,1.35,7.5,6.299999999999999,0.0,0.0,0.0,0.0,12.043181818181818,3351.040599173553,0.0,0.9,16.278125
7.5,3.6,0.0,5.699999999999999,2.5,0.0,0.0,11.4,0.0,0.0,0.8999999999999999,211.5,0.0,3.6,0.0,0.8999999999999999,7.5,4.199999999999999,0.0,0.0,0.0,0.0,11.786363636363635,3349.3803719008256,0.0,0.9,15.925
7.5,4.05,0.0,2.849999999999998,2.25,0.0,0.0,10.95,0.0,0.0,0.4500000000000002,211.5,0.0,4.05,0.0,0.4500000000000002,7.5,2.099999999999998,0.0,0.0,0.0,0.0,11.529545454545453,3347.7201446280988,0.0,0.9,15.571875
7.5,4.5,0.0,0.0,2.0,0.0,0.0,10.5,0.0,0.0,0.0,211.5,0.0,4.5,0.0,0.0,7.5,0.0,0.0,0.0,0.0,0.0,11.272727272727272,3346.0599173553715,0.0,0.9,15.21875
