Date,Timenumber,Time,Battery,Fix,Latitude,Longitude,Dp>0.3,Dp>0.5,Dp>1.0,Dp>2.5,Dp>5.0,Dp>10.0,PM1_Std,PM2.5_Std,PM10_Std,PM1_Env,PM2.5_Env,PM10_Env
8/8/2020,0.4346,10:25:53,3.81625,0,0,0,0,0,0,0,0,0,0,0,0,0,0,0
8/8/2020,0.4348,10:26:03,3.815,0,0,0,0,0,0,0,0,0,0,0,0,0,0,0
8/8/2020,0.4349,10:26:13,3.815,0,0,0,0,0,0,0,0,0,0,0,0,0,0,0
8/8/2020,0.435,10:26:23,3.81625,0,0,0,0,0,0,0,0,0,0,0,0,0,0,0
8/8/2020,0.4351,10:26:33,3.81625,0,0,0,0,0,0,0,0,0,0,0,0,0,0,0
8/8/2020,0.4354,10:27:00,3.815,0,0,0,0,0,0,0,0,0,0,0,0,0,0,0
8/8/2020,0.4355,10:27:10,3.81125,0,0,0,0,0,0,0,0,0,0,0,0,0,0,0
8/8/2020,0.4357,10:27:20,3.81125,0,0,0,0,0,0,0,0,0,0,0,0,0,0,0
8/8/2020,0.4358,10:27:30,3.81,0,0,0,0,0,0,0,0,0,0,0,0,0,0,0
8/8/2020,0.4359,10:27:40,3.81125,0,0,0,0,0,0,0,0,0,0,0,0,0,0,0
8/8/2020,0.4361,10:28:00,3.81375,0,0,0,0,0,0,0,0,0,0,0,0,0,0,0
8/8/2020,0.4362,10:28:10,3.81375,0,0,0,9,0,0,0,0,0,0,0,0,0,0,0
8/8/2020,0.4363,10:28:20,3.81375,0,0,0,51,7,0,0,0,0,0,0,0,0,0,0
8/8/2020,0.4365,10:28:30,3.8125,0,0,0,9,0,0,0,0,0,0,0,0,0,0,0
8/8/2020,0.4366,10:28:40,3.8125,0,0,0,51,13,0,0,0,0,0,0,0,0,0,0
8/8/2020,0.4368,10:29:00,3.81,0,0,0,39,6,0,0,0,0,0,0,0,0,0,0
8/8/2020,0.4369,10:29:10,3.81,0,0,0,0,0,0,0,0,0,0,0,0,0,0,0
8/8/2020,0.437,10:29:20,3.81125,0,0,0,117,39,0,0,0,0,0,0,0,0,0,0
8/8/2020,0.4372,10:29:30,3.8125,0,0,0,138,42,0,0,0,0,0,0,0,0,0,0
8/8/2020,0.4373,10:29:40,3.8125,0,0,0,0,0,0,0,0,0,0,0,0,0,0,0
8/8/2020,0.4375,10:30:00,3.81125,0,0,0,0,0,0,0,0,0,0,0,0,0,0,0
8/8/2020,0.4376,10:30:10,3.80875,0,0,0,0,0,0,0,0,0,0,0,0,0,0,0
8/8/2020,0.4377,10:30:20,3.80875,0,0,0,0,0,0,0,0,0,0,0,0,0,0,0
8/8/2020,0.4379,10:30:30,3.8075,0,0,0,0,0,0,0,0,0,0,0,0,0,0,0
8/8/2020,0.438,10:30:40,3.80875,0,0,0,0,0,0,0,0,0,0,0,0,0,0,0
8/8/2020,0.4382,10:31:00,3.81,0,0,0,0,0,0,0,0,0,0,0,0,0,0,0
8/8/2020,0.4383,10:31:10,3.81,0,0,0,0,0,0,0,0,0,0,0,0,0,0,0
8/8/2020,0.4384,10:31:20,3.81125,0,0,0,0,0,0,0,0,0,0,0,0,0,0,0
8/8/2020,0.4385,10:31:30,3.81125,0,0,0,0,0,0,0,0,0,0,0,0,0,0,0
8/8/2020,0.4387,10:31:40,3.81125,0,0,0,0,0,0,0,0,0,0,0,0,0,0,0
8/8/2020,0.4389,10:32:00,3.80875,0,0,0,0,0,0,0,0,0,0,0,0,0,0,0
8/8/2020,0.439,10:32:10,3.80625,0,0,0,0,0,0,0,0,0,0,0,0,0,0,0
8/8/2020,0.4391,10:32:20,3.80625,0,0,0,0,0,0,0,0,0,0,0,0,0,0,0
8/8/2020,0.4392,10:32:30,3.80625,0,0,0,0,0,0,0,0,0,0,0,0,0,0,0
8/8/2020,0.4394,10:32:40,3.80875,0,0,0,0,0,0,0,0,0,0,0,0,0,0,0
8/8/2020,0.4396,10:33:00,3.80875,0,0,0,0,0,0,0,0,0,0,0,0,0,0,0
8/8/2020,0.4397,10:33:10,3.80875,0,0,0,0,0,0,0,0,0,0,0,0,0,0,0
8/8/2020,0.4398,10:33:20,3.80875,0,0,0,0,0,0,0,0,0,0,0,0,0,0,0
8/8/2020,0.4399,10:33:30,3.80875,0,0,0,0,0,0,0,0,0,0,0,0,0,0,0
8/8/2020,0.4401,10:33:40,3.80375,0,0,0,0,0,0,0,0,0,0,0,0,0,0,0
8/8/2020,0.4403,10:34:00,3.8075,0,0,0,0,0,0,0,0,0,0,0,0,0,0,0
8/8/2020,0.4404,10:34:10,3.80875,0,0,0,9,3,0,0,0,0,0,0,0,0,0,0
8/8/2020,0.4405,10:34:20,3.80875,0,0,0,0,0,0,0,0,0,0,0,0,0,0,0
8/8/2020,0.4406,10:34:30,3.8075,0,0,0,0,0,0,0,0,0,0,0,0,0,0,0
8/8/2020,0.4407,10:34:40,3.8075,0,0,0,33,11,0,0,0,0,0,0,0,0,0,0
8/8/2020,0.441,10:35:00,3.8075,0,0,0,306,82,0,0,0,0,0,0,0,0,0,0
8/8/2020,0.4411,10:35:10,3.80625,0,0,0,408,97,0,0,0,0,0,0,0,0,0,0
8/8/2020,0.4412,10:35:20,3.80375,0,0,0,219,49,0,0,0,0,0,0,0,0,0,0
8/8/2020,0.4413,10:35:30,3.80375,0,0,0,123,12,0,0,0,0,0,0,0,0,0,0
8/8/2020,0.4414,10:35:40,3.80375,0,0,0,90,9,0,0,0,0,0,0,0,0,0,0
8/8/2020,0.4417,10:36:00,3.8075,0,0,0,18,3,0,0,0,0,0,0,0,0,0,0
8/8/2020,0.4418,10:36:10,3.8075,0,0,0,27,3,0,0,0,0,0,0,0,0,0,0
8/8/2020,0.4419,10:36:20,3.80625,0,0,0,9,3,0,0,0,0,0,0,0,0,0,0
8/8/2020,0.442,10:36:30,3.80625,0,0,0,9,3,0,0,0,0,0,0,0,0,0,0
8/8/2020,0.4421,10:36:40,3.80625,0,0,0,0,0,0,0,0,0,0,0,0,0,0,0
8/8/2020,0.4424,10:37:00,3.80375,0,0,0,9,3,0,0,0,0,0,0,0,0,0,0
8/8/2020,0.4425,10:37:10,3.80125,0,0,0,9,3,0,0,0,0,0,0,0,0,0,0
8/8/2020,0.4426,10:37:20,3.80125,0,0,0,0,0,0,0,0,0,0,0,0,0,0,0
8/8/2020,0.4427,10:37:30,3.80375,0,0,0,0,0,0,0,0,0,0,0,0,0,0,0
8/8/2020,0.4428,10:37:40,3.80625,0,0,0,0,0,0,0,0,0,0,0,0,0,0,0
8/8/2020,0.4431,10:38:00,3.80625,0,0,0,0,0,0,0,0,0,0,0,0,0,0,0
8/8/2020,0.4432,10:38:10,3.80625,0,0,0,0,0,0,0,0,0,0,0,0,0,0,0
8/8/2020,0.4433,10:38:20,3.805,0,0,0,0,0,0,0,0,0,0,0,0,0,0,0
8/8/2020,0.4434,10:38:30,3.805,0,0,0,0,0,0,0,0,0,0,0,0,0,0,0
8/8/2020,0.4435,10:38:40,3.80375,0,0,0,0,0,0,0,0,0,0,0,0,0,0,0
8/8/2020,0.4438,10:39:00,3.80375,0,0,0,0,0,0,0,0,0,0,0,0,0,0,0
8/8/2020,0.4439,10:39:10,3.805,0,0,0,0,0,0,0,0,0,0,0,0,0,0,0
8/8/2020,0.444,10:39:20,3.805,0,0,0,0,0,0,0,0,0,0,0,0,0,0,0
8/8/2020,0.4441,10:39:30,3.805,0,0,0,0,0,0,0,0,0,0,0,0,0,0,0
8/8/2020,0.4442,10:39:40,3.805,0,0,0,0,0,0,0,0,0,0,0,0,0,0,0
8/8/2020,0.4444,10:40:00,3.80125,0,0,0,0,0,0,0,0,0,0,0,0,0,0,0
8/8/2020,0.4446,10:40:10,3.80125,0,0,0,0,0,0,0,0,0,0,0,0,0,0,0
8/8/2020,0.4447,10:40:20,3.8,0,0,0,0,0,0,0,0,0,0,0,0,0,0,0
8/8/2020,0.4448,10:40:30,3.80125,0,0,0,0,0,0,0,0,0,0,0,0,0,0,0
8/8/2020,0.4449,10:40:40,3.8025,0,0,0,0,0,0,0,0,0,0,0,0,0,0,0
8/8/2020,0.4451,10:41:00,3.80375,0,0,0,0,0,0,0,0,0,0,0,0,0,0,0
8/8/2020,0.4453,10:41:10,3.80375,0,0,0,0,0,0,0,0,0,0,0,0,0,0,0
8/8/2020,0.4454,10:41:20,3.80375,0,0,0,0,0,0,0,0,0,0,0,0,0,0,0
8/8/2020,0.4455,10:41:30,3.80375,0,0,0,0,0,0,0,0,0,0,0,0,0,0,0
8/8/2020,0.4456,10:41:40,3.80375,0,0,0,0,0,0,0,0,0,0,0,0,0,0,0
8/8/2020,0.4458,10:42:00,3.79875,0,0,0,0,0,0,0,0,0,0,0,0,0,0,0
8/8/2020,0.446,10:42:10,3.79875,0,0,0,0,0,0,0,0,0,0,0,0,0,0,0
8/8/2020,0.4461,10:42:20,3.79875,0,0,0,0,0,0,0,0,0,0,0,0,0,0,0
8/8/2020,0.4462,10:42:30,3.80125,0,0,0,0,0,0,0,0,0,0,0,0,0,0,0
8/8/2020,0.4463,10:42:40,3.80125,0,0,0,0,0,0,0,0,0,0,0,0,0,0,0
8/8/2020,0.4465,10:43:00,3.8025,0,0,0,0,0,0,0,0,0,0,0,0,0,0,0
8/8/2020,0.4466,10:43:10,3.80125,0,0,0,0,0,0,0,0,0,0,0,0,0,0,0
8/8/2020,0.4468,10:43:20,3.80125,0,0,0,0,0,0,0,0,0,0,0,0,0,0,0
8/8/2020,0.4469,10:43:30,3.80125,0,0,0,0,0,0,0,0,0,0,0,0,0,0,0
8/8/2020,0.447,10:43:40,3.79875,0,0,0,0,0,0,0,0,0,0,0,0,0,0,0
8/8/2020,0.4472,10:44:00,3.80125,0,0,0,0,0,0,0,0,0,0,0,0,0,0,0
8/8/2020,0.4473,10:44:10,3.80125,0,0,0,0,0,0,0,0,0,0,0,0,0,0,0
8/8/2020,0.4475,10:44:20,3.80125,0,0,0,0,0,0,0,0,0,0,0,0,0,0,0
8/8/2020,0.4476,10:44:30,3.80125,0,0,0,0,0,0,0,0,0,0,0,0,0,0,0
8/8/2020,0.4477,10:44:40,3.80125,0,0,0,0,0,0,0,0,0,0,0,0,0,0,0
8/8/2020,0.4479,10:45:00,3.79875,0,0,0,0,0,0,0,0,0,0,0,0,0,0,0
8/8/2020,0.448,10:45:10,3.78625,0,0,0,0,0,0,0,0,0,0,0,0,0,0,0
8/8/2020,0.4482,10:45:20,3.785,0,0,0,0,0,0,0,0,0,0,0,0,0,0,0
8/8/2020,0.4483,10:45:30,3.7975,0,0,0,0,0,0,0,0,0,0,0,0,0,0,0
8/8/2020,0.4484,10:45:40,3.79875,0,0,0,0,0,0,0,0,0,0,0,0,0,0,0
8/8/2020,0.4486,10:46:00,3.8,0,0,0,0,0,0,0,0,0,0,0,0,0,0,0
8/8/2020,0.4487,10:46:10,3.79875,0,0,0,0,0,0,0,0,0,0,0,0,0,0,0
8/8/2020,0.4488,10:46:20,3.79875,0,0,0,0,0,0,0,0,0,0,0,0,0,0,0
8/8/2020,0.449,10:46:30,3.79875,0,0,0,0,0,0,0,0,0,0,0,0,0,0,0
8/8/2020,0.4491,10:46:40,3.79875,0,0,0,0,0,0,0,0,0,0,0,0,0,0,0
8/8/2020,0.4493,10:47:00,3.79625,0,0,0,0,0,0,0,0,0,0,0,0,0,0,0
8/8/2020,0.4494,10:47:10,3.79375,0,0,0,0,0,0,0,0,0,0,0,0,0,0,0
8/8/2020,0.4495,10:47:20,3.79625,0,0,0,0,0,0,0,0,0,0,0,0,0,0,0
8/8/2020,0.4497,10:47:30,3.79875,0,0,0,0,0,0,0,0,0,0,0,0,0,0,0
8/8/2020,0.4498,10:47:40,3.79875,0,0,0,0,0,0,0,0,0,0,0,0,0,0,0
8/8/2020,0.45,10:48:00,3.79875,0,0,0,0,0,0,0,0,0,0,0,0,0,0,0
8/8/2020,0.4501,10:48:10,3.79625,0,0,0,0,0,0,0,0,0,0,0,0,0,0,0
8/8/2020,0.4502,10:48:20,3.79375,0,0,0,0,0,0,0,0,0,0,0,0,0,0,0
8/8/2020,0.4504,10:48:30,3.795,0,0,0,0,0,0,0,0,0,0,0,0,0,0,0
8/8/2020,0.4505,10:48:40,3.79625,0,0,0,0,0,0,0,0,0,0,0,0,0,0,0
8/8/2020,0.4507,10:49:00,3.79875,0,0,0,0,0,0,0,0,0,0,0,0,0,0,0
8/8/2020,0.4508,10:49:10,3.7975,0,0,0,0,0,0,0,0,0,0,0,0,0,0,0
8/8/2020,0.4509,10:49:20,3.7975,0,0,0,0,0,0,0,0,0,0,0,0,0,0,0
8/8/2020,0.451,10:49:30,3.7975,0,0,0,0,0,0,0,0,0,0,0,0,0,0,0
8/8/2020,0.452,10:50:55,3.79625,0,0,0,0,0,0,0,0,0,0,0,0,0,0,0
8/8/2020,0.4521,10:51:05,3.79625,0,0,0,0,0,0,0,0,0,0,0,0,0,0,0
8/8/2020,0.4523,10:51:15,3.79625,0,0,0,0,0,0,0,0,0,0,0,0,0,0,0
8/8/2020,0.4524,10:51:25,3.79625,0,0,0,0,0,0,0,0,0,0,0,0,0,0,0
8/8/2020,0.4525,10:51:35,3.79625,0,0,0,0,0,0,0,0,0,0,0,0,0,0,0
8/8/2020,0.4532,10:52:35,3.79375,0,0,0,0,0,0,0,0,0,0,0,0,0,0,0
8/8/2020,0.4533,10:52:45,3.79125,0,0,0,0,0,0,0,0,0,0,0,0,0,0,0
8/8/2020,0.4534,10:52:55,3.79125,0,0,0,0,0,0,0,0,0,0,0,0,0,0,0
8/8/2020,0.4535,10:53:05,3.79,0,0,0,0,0,0,0,0,0,0,0,0,0,0,0
8/8/2020,0.4537,10:53:15,3.79125,0,0,0,0,0,0,0,0,0,0,0,0,0,0,0
8/8/2020,0.454,10:53:42,3.79125,0,0,0,0,0,0,0,0,0,0,0,0,0,0,0
8/8/2020,0.4541,10:53:52,3.7925,0,0,0,0,0,0,0,0,0,0,0,0,0,0,0
8/8/2020,0.4542,10:54:02,3.79375,0,0,0,0,0,0,0,0,0,0,0,0,0,0,0
8/8/2020,0.4543,10:54:12,3.79375,0,0,0,0,0,0,0,0,0,0,0,0,0,0,0
8/8/2020,0.4544,10:54:22,3.7925,0,0,0,0,0,0,0,0,0,0,0,0,0,0,0
8/8/2020,0.4547,10:54:42,3.79375,0,0,0,0,0,0,0,0,0,0,0,0,0,0,0
8/8/2020,0.4548,10:54:52,3.79125,0,0,0,0,0,0,0,0,0,0,0,0,0,0,0
8/8/2020,0.4549,10:55:02,3.79,0,0,0,0,0,0,0,0,0,0,0,0,0,0,0
8/8/2020,0.455,10:55:12,3.78875,0,0,0,0,0,0,0,0,0,0,0,0,0,0,0
8/8/2020,0.4551,10:55:22,3.78875,0,0,0,0,0,0,0,0,0,0,0,0,0,0,0
8/8/2020,0.4554,10:55:42,3.7925,0,0,0,0,0,0,0,0,0,0,0,0,0,0,0
8/8/2020,0.4555,10:55:52,3.7925,0,0,0,0,0,0,0,0,0,0,0,0,0,0,0
8/8/2020,0.4556,10:56:02,3.79125,0,0,0,0,0,0,0,0,0,0,0,0,0,0,0
8/8/2020,0.4557,10:56:12,3.79125,0,0,0,0,0,0,0,0,0,0,0,0,0,0,0
8/8/2020,0.4558,10:56:22,3.79125,0,0,0,0,0,0,0,0,0,0,0,0,0,0,0
8/8/2020,0.456,10:56:42,3.79,0,0,0,0,0,0,0,0,0,0,0,0,0,0,0
8/8/2020,0.4562,10:56:52,3.78875,0,0,0,0,0,0,0,0,0,0,0,0,0,0,0
8/8/2020,0.4563,10:57:02,3.7875,0,0,0,0,0,0,0,0,0,0,0,0,0,0,0
8/8/2020,0.4564,10:57:12,3.7875,0,0,0,0,0,0,0,0,0,0,0,0,0,0,0
8/8/2020,0.4565,10:57:22,3.79125,0,0,0,0,0,0,0,0,0,0,0,0,0,0,0
8/8/2020,0.4567,10:57:42,3.79125,0,0,0,0,0,0,0,0,0,0,0,0,0,0,0
8/8/2020,0.4569,10:57:52,3.78875,0,0,0,0,0,0,0,0,0,0,0,0,0,0,0
8/8/2020,0.457,10:58:02,3.7875,0,0,0,0,0,0,0,0,0,0,0,0,0,0,0
8/8/2020,0.4571,10:58:12,3.78625,0,0,0,0,0,0,0,0,0,0,0,0,0,0,0
8/8/2020,0.4572,10:58:22,3.78625,0,0,0,0,0,0,0,0,0,0,0,0,0,0,0
8/8/2020,0.4574,10:58:42,3.78875,0,0,0,0,0,0,0,0,0,0,0,0,0,0,0
8/8/2020,0.4576,10:58:52,3.78875,0,0,0,0,0,0,0,0,0,0,0,0,0,0,0
8/8/2020,0.4577,10:59:02,3.79,0,0,0,0,0,0,0,0,0,0,0,0,0,0,0
8/8/2020,0.4578,10:59:12,3.79,0,0,0,0,0,0,0,0,0,0,0,0,0,0,0
8/8/2020,0.4579,10:59:22,3.79,0,0,0,0,0,0,0,0,0,0,0,0,0,0,0
8/8/2020,0.4581,10:59:42,3.7875,0,0,0,0,0,0,0,0,0,0,0,0,0,0,0
8/8/2020,0.4582,10:59:52,3.78625,0,0,0,0,0,0,0,0,0,0,0,0,0,0,0
8/8/2020,0.4584,11:00:02,3.785,0,0,0,0,0,0,0,0,0,0,0,0,0,0,0
8/8/2020,0.4585,11:00:12,3.785,0,0,0,0,0,0,0,0,0,0,0,0,0,0,0
8/8/2020,0.4586,11:00:22,3.78625,0,0,0,0,0,0,0,0,0,0,0,0,0,0,0
8/8/2020,0.4588,11:00:42,3.78875,0,0,0,0,0,0,0,0,0,0,0,0,0,0,0
8/8/2020,0.4589,11:00:52,3.7875,0,0,0,0,0,0,0,0,0,0,0,0,0,0,0
8/8/2020,0.4591,11:01:02,3.78875,0,0,0,0,0,0,0,0,0,0,0,0,0,0,0
8/8/2020,0.4592,11:01:12,3.78875,0,0,0,0,0,0,0,0,0,0,0,0,0,0,0
8/8/2020,0.4593,11:01:22,3.78875,0,0,0,0,0,0,0,0,0,0,0,0,0,0,0
8/8/2020,0.4595,11:01:42,3.785,0,0,0,0,0,0,0,0,0,0,0,0,0,0,0
8/8/2020,0.4596,11:01:52,3.78625,0,0,0,0,0,0,0,0,0,0,0,0,0,0,0
8/8/2020,0.4598,11:02:02,3.7875,0,0,0,0,0,0,0,0,0,0,0,0,0,0,0
8/8/2020,0.4599,11:02:12,3.78625,0,0,0,0,0,0,0,0,0,0,0,0,0,0,0
8/8/2020,0.46,11:02:22,3.78625,0,0,0,0,0,0,0,0,0,0,0,0,0,0,0
8/8/2020,0.4602,11:02:42,3.78625,0,0,0,0,0,0,0,0,0,0,0,0,0,0,0
8/8/2020,0.4603,11:02:52,3.785,0,0,0,0,0,0,0,0,0,0,0,0,0,0,0
8/8/2020,0.4604,11:03:02,3.78375,0,0,0,0,0,0,0,0,0,0,0,0,0,0,0
8/8/2020,0.4606,11:03:12,3.78125,0,0,0,0,0,0,0,0,0,0,0,0,0,0,0
8/8/2020,0.4607,11:03:22,3.7825,0,0,0,0,0,0,0,0,0,0,0,0,0,0,0
8/8/2020,0.4609,11:03:42,3.78625,0,0,0,0,0,0,0,0,0,0,0,0,0,0,0
8/8/2020,0.461,11:03:52,3.78625,0,0,0,0,0,0,0,0,0,0,0,0,0,0,0
8/8/2020,0.4611,11:04:02,3.78625,0,0,0,0,0,0,0,0,0,0,0,0,0,0,0
8/8/2020,0.4613,11:04:12,3.78625,0,0,0,0,0,0,0,0,0,0,0,0,0,0,0
8/8/2020,0.4614,11:04:22,3.785,0,0,0,0,0,0,0,0,0,0,0,0,0,0,0
8/8/2020,0.4616,11:04:42,3.78375,0,0,0,0,0,0,0,0,0,0,0,0,0,0,0
8/8/2020,0.4626,11:06:08,3.7825,0,0,0,0,0,0,0,0,0,0,0,0,0,0,0
8/8/2020,0.4627,11:06:18,3.78375,0,0,0,0,0,0,0,0,0,0,0,0,0,0,0
8/8/2020,0.4628,11:06:28,3.78375,0,0,0,0,0,0,0,0,0,0,0,0,0,0,0
8/8/2020,0.4629,11:06:38,3.78375,0,0,0,0,0,0,0,0,0,0,0,0,0,0,0
8/8/2020,0.4631,11:06:48,3.78375,0,0,0,0,0,0,0,0,0,0,0,0,0,0,0
8/8/2020,0.4634,11:07:15,3.78375,0,0,0,0,0,0,0,0,0,0,0,0,0,0,0
8/8/2020,0.4635,11:07:25,3.78375,0,0,0,0,0,0,0,0,0,0,0,0,0,0,0
8/8/2020,0.4636,11:07:35,3.78125,0,0,0,0,0,0,0,0,0,0,0,0,0,0,0
8/8/2020,0.4637,11:07:45,3.78,0,0,0,0,0,0,0,0,0,0,0,0,0,0,0
8/8/2020,0.4638,11:07:55,3.77875,0,0,0,0,0,0,0,0,0,0,0,0,0,0,0
8/8/2020,0.4641,11:08:15,3.78,0,0,0,0,0,0,0,0,0,0,0,0,0,0,0
8/8/2020,0.4642,11:08:25,3.78125,0,0,0,0,0,0,0,0,0,0,0,0,0,0,0
8/8/2020,0.4643,11:08:35,3.78375,0,0,0,0,0,0,0,0,0,0,0,0,0,0,0
8/8/2020,0.4644,11:08:45,3.7825,0,0,0,0,0,0,0,0,0,0,0,0,0,0,0
8/8/2020,0.4645,11:08:55,3.78125,0,0,0,0,0,0,0,0,0,0,0,0,0,0,0
8/8/2020,0.4648,11:09:15,3.7825,0,0,0,0,0,0,0,0,0,0,0,0,0,0,0
8/8/2020,0.4649,11:09:25,3.78,0,0,0,0,0,0,0,0,0,0,0,0,0,0,0
8/8/2020,0.465,11:09:35,3.77875,0,0,0,0,0,0,0,0,0,0,0,0,0,0,0
8/8/2020,0.4651,11:09:45,3.7775,0,0,0,0,0,0,0,0,0,0,0,0,0,0,0
8/8/2020,0.4652,11:09:55,3.7775,0,0,0,0,0,0,0,0,0,0,0,0,0,0,0
8/8/2020,0.4655,11:10:15,3.78125,0,0,0,0,0,0,0,0,0,0,0,0,0,0,0
8/8/2020,0.4656,11:10:25,3.78125,0,0,0,0,0,0,0,0,0,0,0,0,0,0,0
8/8/2020,0.4657,11:10:35,3.78,0,0,0,0,0,0,0,0,0,0,0,0,0,0,0
8/8/2020,0.4658,11:10:45,3.77875,0,0,0,0,0,0,0,0,0,0,0,0,0,0,0
8/8/2020,0.4659,11:10:55,3.7775,0,0,0,0,0,0,0,0,0,0,0,0,0,0,0
8/8/2020,0.4662,11:11:15,3.77875,0,0,0,0,0,0,0,0,0,0,0,0,0,0,0
8/8/2020,0.4663,11:11:25,3.77875,0,0,0,0,0,0,0,0,0,0,0,0,0,0,0
8/8/2020,0.4664,11:11:35,3.78,0,0,0,0,0,0,0,0,0,0,0,0,0,0,0
8/8/2020,0.4665,11:11:45,3.78125,0,0,0,0,0,0,0,0,0,0,0,0,0,0,0
8/8/2020,0.4666,11:11:55,3.78125,0,0,0,0,0,0,0,0,0,0,0,0,0,0,0
8/8/2020,0.4668,11:12:15,3.78125,0,0,0,0,0,0,0,0,0,0,0,0,0,0,0
8/8/2020,0.467,11:12:25,3.77875,0,0,0,0,0,0,0,0,0,0,0,0,0,0,0
8/8/2020,0.4671,11:12:35,3.77625,0,0,0,0,0,0,0,0,0,0,0,0,0,0,0
8/8/2020,0.4672,11:12:45,3.77625,0,0,0,0,0,0,0,0,0,0,0,0,0,0,0
8/8/2020,0.4673,11:12:55,3.77625,0,0,0,0,0,0,0,0,0,0,0,0,0,0,0
8/8/2020,0.4675,11:13:15,3.77875,0,0,0,9,3,0,0,0,0,0,0,0,0,0,0
8/8/2020,0.4677,11:13:25,3.77875,0,0,0,0,0,0,0,0,0,0,0,0,0,0,0
8/8/2020,0.4678,11:13:35,3.77875,0,0,0,0,0,0,0,0,0,0,0,0,0,0,0
8/8/2020,0.4679,11:13:45,3.77875,0,0,0,0,0,0,0,0,0,0,0,0,0,0,0
8/8/2020,0.468,11:13:55,3.78,0,0,0,0,0,0,0,0,0,0,0,0,0,0,0
8/8/2020,0.4682,11:14:15,3.77875,0,0,0,30,10,0,0,0,0,0,0,0,0,0,0
8/8/2020,0.4683,11:14:25,3.775,0,0,0,48,13,0,0,0,0,0,0,0,0,0,0
8/8/2020,0.4685,11:14:35,3.77375,0,0,0,72,17,0,0,0,0,0,0,0,0,0,0
8/8/2020,0.4686,11:14:45,3.77875,0,0,0,54,14,0,0,0,0,0,0,0,0,0,0
8/8/2020,0.4687,11:14:55,3.77875,0,0,0,54,14,0,0,0,0,0,0,0,0,0,0
8/8/2020,0.4689,11:15:15,3.77875,0,0,0,156,52,0,0,0,0,0,0,0,0,0,0
8/8/2020,0.469,11:15:25,3.77875,0,0,0,159,45,0,0,0,0,0,0,0,0,0,0
8/8/2020,0.4692,11:15:35,3.77625,0,0,0,156,40,0,0,0,0,0,0,0,0,0,0
8/8/2020,0.4693,11:15:45,3.775,0,0,0,273,87,0,0,0,0,1,1,1,1,1,1
8/8/2020,0.4694,11:15:55,3.77375,0,0,0,306,94,0,0,0,0,1,1,1,1,1,1
8/8/2020,0.4696,11:16:15,3.77625,0,0,0,450,146,0,0,0,0,1,1,1,1,1,1
8/8/2020,0.4697,11:16:25,3.7775,0,0,0,534,174,0,0,0,0,2,2,2,2,2,2
8/8/2020,0.4699,11:16:35,3.7775,0,0,0,666,214,0,0,0,0,3,3,3,3,3,3
8/8/2020,0.47,11:16:45,3.77875,0,0,0,924,300,0,0,0,0,4,4,4,4,4,4
8/8/2020,0.4701,11:16:55,3.77625,0,0,0,1095,349,0,0,0,0,5,5,5,5,5,5
8/8/2020,0.4703,11:17:15,3.77625,0,0,0,1344,441,0,0,0,0,6,6,6,6,6,6
8/8/2020,0.4704,11:17:25,3.775,0,0,0,1269,407,0,0,0,0,6,6,6,6,6,6
8/8/2020,0.4705,11:17:35,3.77375,0,0,0,1512,484,0,0,0,0,7,7,7,7,7,7
8/8/2020,0.4707,11:17:45,3.77375,0,0,0,1662,530,0,0,0,0,8,8,8,8,8,8
8/8/2020,0.4708,11:17:55,3.77375,0,0,0,1755,557,0,0,0,0,9,9,9,9,9,9
8/8/2020,0.471,11:18:15,3.7775,0,0,0,1836,589,0,0,0,0,9,9,9,9,9,9
8/8/2020,0.4711,11:18:25,3.77625,0,0,0,1722,559,0,0,0,0,9,9,9,9,9,9
8/8/2020,0.4712,11:18:35,3.77625,0,0,0,1650,542,0,0,0,0,9,9,9,9,9,9
8/8/2020,0.4714,11:18:45,3.77625,0,0,0,1827,597,0,0,0,0,10,10,10,10,10,10
8/8/2020,0.4715,11:18:55,3.77625,0,0,0,1770,574,0,0,0,0,9,9,9,9,9,9
8/8/2020,0.4717,11:19:15,3.77375,0,0,0,1890,606,0,0,0,0,10,10,10,10,10,10
8/8/2020,0.4718,11:19:25,3.775,0,0,0,2124,684,0,0,0,0,12,12,12,12,12,12
8/8/2020,0.4719,11:19:35,3.775,0,0,0,2136,700,0,0,0,0,13,13,13,13,13,13
8/8/2020,0.4721,11:19:45,3.77625,0,0,0,2157,711,0,0,0,0,12,12,12,12,12,12
8/8/2020,0.4722,11:19:55,3.77625,0,0,0,2040,676,0,0,0,0,11,11,11,11,11,11
8/8/2020,0.4724,11:20:15,3.775,0,0,0,1629,532,0,0,0,0,9,9,9,9,9,9
8/8/2020,0.4725,11:20:25,3.7725,0,0,0,1779,581,0,0,0,0,9,9,9,9,9,9
8/8/2020,0.4726,11:20:35,3.77125,0,0,0,2013,651,0,0,0,0,11,11,11,11,11,11
8/8/2020,0.4727,11:20:45,3.77125,0,0,0,1731,561,0,0,0,0,9,9,9,9,9,9
8/8/2020,0.4729,11:20:55,3.77375,0,0,0,1629,531,0,0,0,0,8,8,8,8,8,8
8/8/2020,0.4731,11:21:15,3.77625,0,0,0,1884,616,0,0,0,0,10,10,10,10,10,10
8/8/2020,0.4732,11:21:25,3.77375,0,0,0,1497,491,0,0,0,0,8,8,8,8,8,8
8/8/2020,0.4733,11:21:35,3.775,0,0,0,1641,539,0,0,0,0,8,8,8,8,8,8
8/8/2020,0.4734,11:21:45,3.77625,0,0,0,1731,577,0,0,0,0,9,9,9,9,9,9
8/8/2020,0.4736,11:21:55,3.77375,0,0,0,1650,546,0,0,0,0,8,8,8,8,8,8
8/8/2020,0.4738,11:22:15,3.77125,0,0,0,1488,480,0,0,0,0,7,7,7,7,7,7
8/8/2020,0.4739,11:22:25,3.76875,0,0,0,1545,503,0,0,0,0,7,7,7,7,7,7
8/8/2020,0.474,11:22:35,3.77125,0,0,0,1671,545,0,0,0,0,8,8,8,8,8,8
8/8/2020,0.4741,11:22:45,3.77375,0,0,0,1392,448,0,0,0,0,6,6,6,6,6,6
8/8/2020,0.4743,11:22:55,3.775,0,0,0,1359,441,0,0,0,0,7,7,7,7,7,7
8/8/2020,0.4745,11:23:15,3.77375,0,0,0,1581,519,0,0,0,0,8,8,8,8,8,8
8/8/2020,0.4746,11:23:25,3.77375,0,0,0,1890,614,0,0,0,0,10,10,10,10,10,10
8/8/2020,0.4747,11:23:35,3.775,0,0,0,1878,610,0,0,0,0,10,10,10,10,10,10
8/8/2020,0.4748,11:23:45,3.77,0,0,0,1641,547,0,0,0,0,8,8,8,8,8,8
8/8/2020,0.4749,11:23:55,3.77125,0,0,0,1797,591,0,0,0,0,9,9,9,9,9,9
8/8/2020,0.4752,11:24:15,3.77375,0,0,0,1851,609,0,0,0,0,10,10,10,10,10,10
8/8/2020,0.4753,11:24:25,3.77375,0,0,0,1986,654,0,0,0,0,10,10,10,10,10,10
8/8/2020,0.4754,11:24:35,3.77375,0,0,0,1734,570,0,0,0,0,9,9,9,9,9,9
8/8/2020,0.4755,11:24:45,3.77375,0,0,0,1677,551,6,3,0,0,9,9,10,9,9,10
8/8/2020,0.4756,11:24:55,3.7725,0,0,0,2208,716,14,0,0,0,12,13,13,12,13,13
8/8/2020,0.4759,11:25:15,3.77125,0,0,0,2277,740,7,0,0,0,13,13,13,13,13,13
8/8/2020,0.476,11:25:25,3.76875,0,0,0,2172,704,14,0,0,0,12,13,13,12,13,13
8/8/2020,0.4761,11:25:35,3.77125,0,0,0,1899,614,23,3,3,0,10,11,13,10,11,13
8/8/2020,0.4762,11:25:45,3.76875,0,0,0,1383,457,42,3,0,0,7,11,11,7,11,11
8/8/2020,0.4763,11:25:55,3.77125,0,0,0,759,245,47,7,3,0,2,5,8,2,5,8
8/8/2020,0.4766,11:26:15,3.76875,0,0,0,1065,347,7,0,0,0,4,4,4,4,4,4
8/8/2020,0.4767,11:26:25,3.76875,0,0,0,1344,436,7,0,0,0,6,6,6,6,6,6
8/8/2020,0.4768,11:26:35,3.77125,0,0,0,1533,503,0,0,0,0,7,7,7,7,7,7
8/8/2020,0.4769,11:26:45,3.77125,0,0,0,1617,539,0,0,0,0,8,8,8,8,8,8
8/8/2020,0.477,11:26:55,3.7725,0,0,0,1548,512,0,0,0,0,7,7,7,7,7,7
8/8/2020,0.4773,11:27:15,3.77375,0,0,0,1551,510,0,0,0,0,8,8,8,8,8,8
8/8/2020,0.4774,11:27:25,3.7725,0,0,0,1905,623,0,0,0,0,10,10,10,10,10,10
8/8/2020,0.4775,11:27:35,3.77125,0,0,0,1923,625,0,0,0,0,10,10,10,10,10,10
8/8/2020,0.4776,11:27:45,3.76875,0,0,0,1611,517,3,3,0,0,7,7,9,7,7,9
8/8/2020,0.4777,11:27:55,3.76875,0,0,0,1644,528,3,3,0,0,8,8,9,8,8,9
8/8/2020,0.478,11:28:15,3.77,0,0,0,1470,461,0,0,0,0,7,7,7,7,7,7
8/8/2020,0.4781,11:28:25,3.77125,0,0,0,1575,495,0,0,0,0,7,7,7,7,7,7
8/8/2020,0.4782,11:28:35,3.77125,0,0,0,1800,573,0,0,0,0,8,8,8,8,8,8
8/8/2020,0.4783,11:28:45,3.77125,0,0,0,1452,464,0,0,0,0,7,7,7,7,7,7
8/8/2020,0.4784,11:28:55,3.77,0,0,0,1641,535,0,0,0,0,8,8,8,8,8,8
8/8/2020,0.4787,11:29:15,3.7675,0,0,0,1278,418,0,0,0,0,6,6,6,6,6,6
8/8/2020,0.4788,11:29:25,3.7675,0,0,0,1299,417,3,3,0,0,5,5,7,5,5,7
8/8/2020,0.4789,11:29:35,3.77,0,0,0,1269,415,3,3,0,0,5,5,7,5,5,7
8/8/2020,0.479,11:29:45,3.7725,0,0,0,1104,360,0,0,0,0,4,4,4,4,4,4
8/8/2020,0.4791,11:29:55,3.77125,0,0,0,1245,371,0,0,0,0,4,4,4,4,4,4
8/8/2020,0.4793,11:30:15,3.77125,0,0,0,1146,345,0,0,0,0,4,4,4,4,4,4
8/8/2020,0.4795,11:30:25,3.77125,0,0,0,1101,322,0,0,0,0,4,4,4,4,4,4
8/8/2020,0.4796,11:30:35,3.77125,0,0,0,1128,357,0,0,0,0,4,4,4,4,4,4
8/8/2020,0.4797,11:30:45,3.76875,0,0,0,1056,336,3,0,0,0,4,4,4,4,4,4
8/8/2020,0.4798,11:30:55,3.7675,0,0,0,834,254,0,0,0,0,2,2,2,2,2,2
8/8/2020,0.48,11:31:15,3.76875,0,0,0,996,309,0,0,0,0,3,3,3,3,3,3
8/8/2020,0.4802,11:31:25,3.76875,0,0,0,798,242,0,0,0,0,3,3,3,3,3,3
8/8/2020,0.4803,11:31:35,3.77125,0,0,0,714,218,0,0,0,0,2,2,2,2,2,2
8/8/2020,0.4804,11:31:45,3.77125,0,0,0,747,233,0,0,0,0,2,2,2,2,2,2
8/8/2020,0.4805,11:31:55,3.77125,0,0,0,486,150,0,0,0,0,0,0,0,0,0,0
8/8/2020,0.4807,11:32:15,3.77125,0,0,0,546,174,0,0,0,0,1,1,1,1,1,1
8/8/2020,0.4808,11:32:25,3.76875,0,0,0,438,134,0,0,0,0,0,0,0,0,0,0
8/8/2020,0.481,11:32:35,3.7675,0,0,0,678,190,0,0,0,0,1,1,1,1,1,1
8/8/2020,0.4811,11:32:45,3.76625,0,0,0,702,206,0,0,0,0,2,2,2,2,2,2
8/8/2020,0.4812,11:32:55,3.7675,0,0,0,618,182,0,0,0,0,1,1,1,1,1,1
8/8/2020,0.4814,11:33:15,3.77125,0,0,0,390,126,0,0,0,0,0,0,0,0,0,0
8/8/2020,0.4815,11:33:25,3.77,0,0,0,438,138,0,0,0,0,0,0,0,0,0,0
8/8/2020,0.4817,11:33:35,3.76875,0,0,0,474,150,0,0,0,0,1,1,1,1,1,1
8/8/2020,0.4818,11:33:45,3.76625,0,0,0,426,131,0,0,0,0,0,0,0,0,0,0
8/8/2020,0.4819,11:33:55,3.76625,0,0,0,495,150,0,0,0,0,1,1,1,1,1,1
8/8/2020,0.4821,11:34:15,3.7675,0,0,0,489,143,0,0,0,0,0,0,0,0,0,0
8/8/2020,0.4822,11:34:25,3.76875,0,0,0,381,115,0,0,0,0,0,0,0,0,0,0
8/8/2020,0.4824,11:34:35,3.76875,0,0,0,345,111,0,0,0,0,0,0,0,0,0,0
8/8/2020,0.4825,11:34:45,3.77,0,0,0,402,114,0,0,0,0,0,0,0,0,0,0
8/8/2020,0.4826,11:34:55,3.77,0,0,0,489,123,0,0,0,0,0,0,0,0,0,0
8/8/2020,0.4828,11:35:15,3.77,0,0,0,318,90,0,0,0,0,0,0,0,0,0,0
8/8/2020,0.4829,11:35:25,3.76875,0,0,0,261,80,0,0,0,0,0,0,0,0,0,0
8/8/2020,0.483,11:35:35,3.76625,0,0,0,390,122,0,0,0,0,0,0,0,0,0,0
8/8/2020,0.4832,11:35:45,3.765,0,0,0,342,94,0,0,0,0,0,0,0,0,0,0
8/8/2020,0.4833,11:35:55,3.76625,0,0,0,213,48,0,0,0,0,0,0,0,0,0,0
8/8/2020,0.4835,11:36:15,3.76875,0,0,0,216,68,0,0,0,0,0,0,0,0,0,0
8/8/2020,0.4836,11:36:25,3.76875,0,0,0,270,74,0,0,0,0,0,0,0,0,0,0
8/8/2020,0.4837,11:36:35,3.76875,0,0,0,285,84,0,0,0,0,0,0,0,0,0,0
8/8/2020,0.4839,11:36:45,3.76875,0,0,0,219,62,0,0,0,0,0,0,0,0,0,0
8/8/2020,0.484,11:36:55,3.76875,0,0,0,324,84,0,0,0,0,0,0,0,0,0,0
8/8/2020,0.4842,11:37:15,3.7675,0,0,0,375,109,0,0,0,0,0,0,0,0,0,0
8/8/2020,0.4843,11:37:25,3.755,0,0,0,312,84,0,0,0,0,0,0,0,0,0,0
8/8/2020,0.4844,11:37:35,3.76375,0,0,0,264,76,0,0,0,0,0,0,0,0,0,0
8/8/2020,0.4846,11:37:45,3.76875,0,0,0,270,70,3,3,3,3,0,0,2,0,0,2
8/8/2020,0.4847,11:37:55,3.76875,0,0,0,381,103,3,3,3,3,0,0,3,0,0,3
8/8/2020,0.4849,11:38:15,3.76875,0,0,0,336,100,0,0,0,0,0,0,0,0,0,0
8/8/2020,0.485,11:38:25,3.7675,0,0,0,297,75,0,0,0,0,0,0,0,0,0,0
8/8/2020,0.4851,11:38:35,3.76625,0,0,0,546,150,6,0,0,0,1,1,1,1,1,1
8/8/2020,0.4852,11:38:45,3.765,0,0,0,537,163,9,0,0,0,1,1,1,1,1,1
8/8/2020,0.4854,11:38:55,3.765,0,0,0,450,126,10,0,0,0,1,2,2,1,2,2
8/8/2020,0.4856,11:39:15,3.7675,0,0,0,384,116,3,0,0,0,1,1,1,1,1,1
8/8/2020,0.4857,11:39:25,3.76875,0,0,0,276,76,3,0,0,0,1,1,1,1,1,1
8/8/2020,0.4858,11:39:35,3.76875,0,0,0,294,86,0,0,0,0,0,0,0,0,0,0
8/8/2020,0.4859,11:39:45,3.76875,0,0,0,342,102,0,0,0,0,0,0,0,0,0,0
8/8/2020,0.4861,11:39:55,3.76875,0,0,0,99,26,0,0,0,0,0,0,0,0,0,0
8/8/2020,0.4863,11:40:15,3.76625,0,0,0,228,64,0,0,0,0,0,0,0,0,0,0
8/8/2020,0.4864,11:40:25,3.76375,0,0,0,321,103,0,0,0,0,0,0,0,0,0,0
8/8/2020,0.4865,11:40:35,3.76375,0,0,0,330,98,0,0,0,0,0,0,0,0,0,0
8/8/2020,0.4866,11:40:45,3.765,0,0,0,345,95,0,0,0,0,0,0,0,0,0,0
8/8/2020,0.4868,11:40:55,3.76625,0,0,0,372,112,0,0,0,0,0,0,0,0,0,0
8/8/2020,0.487,11:41:15,3.7675,0,0,0,228,65,0,0,0,0,0,0,0,0,0,0
8/8/2020,0.4871,11:41:25,3.7675,0,0,0,261,76,0,0,0,0,0,0,0,0,0,0
8/8/2020,0.4872,11:41:35,3.76875,0,0,0,330,103,0,0,0,0,0,0,0,0,0,0
8/8/2020,0.4873,11:41:45,3.76875,0,0,0,297,79,0,0,0,0,0,0,0,0,0,0
8/8/2020,0.4874,11:41:55,3.76375,0,0,0,312,76,0,0,0,0,0,0,0,0,0,0
8/8/2020,0.4877,11:42:15,3.76625,0,0,0,438,126,0,0,0,0,0,0,0,0,0,0
8/8/2020,0.4878,11:42:25,3.75875,0,0,0,450,139,0,0,0,0,0,0,0,0,0,0
8/8/2020,0.4879,11:42:35,3.75875,0,0,0,381,108,0,0,0,0,0,0,0,0,0,0
8/8/2020,0.488,11:42:45,3.76625,0,0,0,342,87,0,0,0,0,0,0,0,0,0,0
8/8/2020,0.4881,11:42:55,3.75625,0,0,0,450,114,3,3,3,0,0,0,2,0,0,2
8/8/2020,0.4884,11:43:15,3.76625,0,0,0,330,79,0,0,0,0,0,0,0,0,0,0
8/8/2020,0.4885,11:43:25,3.76375,0,0,0,438,115,0,0,0,0,0,0,0,0,0,0
8/8/2020,0.4886,11:43:35,3.76125,0,0,0,534,159,0,0,0,0,1,1,1,1,1,1
8/8/2020,0.4887,11:43:45,3.76375,0,0,0,405,109,0,0,0,0,0,0,0,0,0,0
8/8/2020,0.4888,11:43:55,3.76625,0,0,0,393,99,0,0,0,0,0,0,0,0,0,0
8/8/2020,0.4891,11:44:15,3.7675,0,0,0,474,98,0,0,0,0,0,0,0,0,0,0
8/8/2020,0.4892,11:44:25,3.76625,0,0,0,570,118,0,0,0,0,0,0,0,0,0,0
8/8/2020,0.4893,11:44:35,3.76625,0,0,0,573,135,0,0,0,0,0,0,0,0,0,0
8/8/2020,0.4894,11:44:45,3.76625,0,0,0,474,130,0,0,0,0,0,0,0,0,0,0
8/8/2020,0.4895,11:44:55,3.76625,0,0,0,405,119,0,0,0,0,0,0,0,0,0,0
8/8/2020,0.4898,11:45:15,3.76375,0,0,0,357,80,0,0,0,0,0,0,0,0,0,0
8/8/2020,0.4899,11:45:25,3.76125,0,0,0,477,101,0,0,0,0,0,0,0,0,0,0
8/8/2020,0.49,11:45:35,3.76375,0,0,0,453,100,0,0,0,0,0,0,0,0,0,0
8/8/2020,0.4901,11:45:45,3.76625,0,0,0,372,77,0,0,0,0,0,0,0,0,0,0
8/8/2020,0.4902,11:45:55,3.7675,0,0,0,357,68,0,0,0,0,0,0,0,0,0,0
8/8/2020,0.4905,11:46:15,3.765,0,0,0,240,46,0,0,0,0,0,0,0,0,0,0
8/8/2020,0.4906,11:46:25,3.76375,0,0,0,213,42,0,0,0,0,0,0,0,0,0,0
8/8/2020,0.4907,11:46:35,3.7625,0,0,0,201,38,0,0,0,0,0,0,0,0,0,0
8/8/2020,0.4908,11:46:45,3.76375,0,0,0,306,75,0,0,0,0,0,0,0,0,0,0
8/8/2020,0.4909,11:46:55,3.765,0,0,0,267,65,0,0,0,0,0,0,0,0,0,0
8/8/2020,0.4912,11:47:15,3.76625,0,0,0,129,29,0,0,0,0,0,0,0,0,0,0
8/8/2020,0.4913,11:47:25,3.76625,0,0,0,141,39,0,0,0,0,0,0,0,0,0,0
8/8/2020,0.4914,11:47:35,3.76625,0,0,0,147,41,0,0,0,0,0,0,0,0,0,0
8/8/2020,0.4915,11:47:45,3.76625,0,0,0,162,34,0,0,0,0,0,0,0,0,0,0
8/8/2020,0.4916,11:47:55,3.765,0,0,0,141,39,0,0,0,0,0,0,0,0,0,0
8/8/2020,0.4918,11:48:15,3.7625,0,0,0,219,70,0,0,0,0,0,0,0,0,0,0
8/8/2020,0.492,11:48:25,3.76125,0,0,0,237,49,0,0,0,0,0,0,0,0,0,0
8/8/2020,0.4921,11:48:35,3.76375,0,0,0,264,68,0,0,0,0,0,0,0,0,0,0
8/8/2020,0.4922,11:48:45,3.765,0,0,0,117,36,0,0,0,0,0,0,0,0,0,0
8/8/2020,0.4923,11:48:55,3.76625,0,0,0,93,24,0,0,0,0,0,0,0,0,0,0
8/8/2020,0.4925,11:49:15,3.76625,0,0,0,132,19,0,0,0,0,0,0,0,0,0,0
8/8/2020,0.4927,11:49:25,3.76625,0,0,0,159,23,0,0,0,0,0,0,0,0,0,0
8/8/2020,0.4928,11:49:35,3.76625,0,0,0,174,30,0,0,0,0,0,0,0,0,0,0
8/8/2020,0.4929,11:49:45,3.765,0,0,0,201,47,0,0,0,0,0,0,0,0,0,0
8/8/2020,0.493,11:49:55,3.7625,0,0,0,138,30,0,0,0,0,0,0,0,0,0,0
8/8/2020,0.4932,11:50:15,3.7625,0,0,0,207,50,0,0,0,0,0,0,0,0,0,0
8/8/2020,0.4933,11:50:25,3.76375,0,0,0,93,28,0,0,0,0,0,0,0,0,0,0
8/8/2020,0.4935,11:50:35,3.765,0,0,0,90,23,0,0,0,0,0,0,0,0,0,0
8/8/2020,0.4936,11:50:45,3.76625,0,0,0,90,19,0,0,0,0,0,0,0,0,0,0
8/8/2020,0.4937,11:50:55,3.76625,0,0,0,78,16,0,0,0,0,0,0,0,0,0,0
8/8/2020,0.4939,11:51:15,3.76375,0,0,0,156,27,0,0,0,0,0,0,0,0,0,0
8/8/2020,0.494,11:51:25,3.76,0,0,0,114,17,0,0,0,0,0,0,0,0,0,0
8/8/2020,0.4942,11:51:35,3.76125,0,0,0,126,28,0,0,0,0,0,0,0,0,0,0
8/8/2020,0.4943,11:51:45,3.76375,0,0,0,93,28,0,0,0,0,0,0,0,0,0,0
8/8/2020,0.4944,11:51:55,3.76625,0,0,0,84,28,0,0,0,0,0,0,0,0,0,0
8/8/2020,0.4946,11:52:15,3.76625,0,0,0,93,9,0,0,0,0,0,0,0,0,0,0
8/8/2020,0.4947,11:52:25,3.76375,0,0,0,75,6,0,0,0,0,0,0,0,0,0,0
8/8/2020,0.4949,11:52:35,3.76375,0,0,0,171,37,0,0,0,0,0,0,0,0,0,0
8/8/2020,0.495,11:52:45,3.765,0,0,0,183,49,0,0,0,0,0,0,0,0,0,0
8/8/2020,0.4951,11:52:55,3.76375,0,0,0,63,17,0,0,0,0,0,0,0,0,0,0
8/8/2020,0.4953,11:53:15,3.76125,0,0,0,126,30,0,0,0,0,0,0,0,0,0,0
8/8/2020,0.4954,11:53:25,3.76125,0,0,0,117,27,0,0,0,0,0,0,0,0,0,0
8/8/2020,0.4955,11:53:35,3.7625,0,0,0,51,17,0,0,0,0,0,0,0,0,0,0
8/8/2020,0.4957,11:53:45,3.765,0,0,0,114,26,3,3,0,0,0,0,0,0,0,0
8/8/2020,0.4958,11:53:55,3.765,0,0,0,219,53,3,3,0,0,0,0,0,0,0,0
8/8/2020,0.496,11:54:15,3.765,0,0,0,51,13,0,0,0,0,0,0,0,0,0,0
8/8/2020,0.4961,11:54:25,3.76375,0,0,0,114,23,0,0,0,0,0,0,0,0,0,0
8/8/2020,0.4962,11:54:35,3.76375,0,0,0,132,27,0,0,0,0,0,0,0,0,0,0
8/8/2020,0.4964,11:54:45,3.7625,0,0,0,189,52,0,0,0,0,0,0,0,0,0,0
8/8/2020,0.4965,11:54:55,3.76125,0,0,0,318,84,0,0,0,0,0,0,0,0,0,0
8/8/2020,0.4967,11:55:15,3.76625,0,0,0,174,47,3,3,3,0,0,0,1,0,0,1
8/8/2020,0.4968,11:55:25,3.76375,0,0,0,162,38,0,0,0,0,0,0,0,0,0,0
8/8/2020,0.4969,11:55:35,3.76375,0,0,0,168,38,0,0,0,0,0,0,0,0,0,0
8/8/2020,0.4971,11:55:45,3.765,0,0,0,228,58,0,0,0,0,0,0,0,0,0,0
8/8/2020,0.4972,11:55:55,3.7625,0,0,0,159,36,0,0,0,0,0,0,0,0,0,0
8/8/2020,0.4974,11:56:15,3.76125,0,0,0,228,64,3,0,0,0,0,0,0,0,0,0
8/8/2020,0.4975,11:56:25,3.76125,0,0,0,228,60,3,0,0,0,0,0,0,0,0,0
8/8/2020,0.4976,11:56:35,3.7625,0,0,0,312,77,3,0,0,0,0,0,0,0,0,0
8/8/2020,0.4977,11:56:45,3.76375,0,0,0,162,32,3,0,0,0,0,0,0,0,0,0
8/8/2020,0.4979,11:56:55,3.76375,0,0,0,102,27,0,0,0,0,0,0,0,0,0,0
8/8/2020,0.4981,11:57:15,3.765,0,0,0,114,35,0,0,0,0,0,0,0,0,0,0
8/8/2020,0.4982,11:57:25,3.75375,0,0,0,27,3,0,0,0,0,0,0,0,0,0,0
8/8/2020,0.4983,11:57:35,3.76375,0,0,0,63,15,0,0,0,0,0,0,0,0,0,0
8/8/2020,0.4984,11:57:45,3.76125,0,0,0,72,21,0,0,0,0,0,0,0,0,0,0
8/8/2020,0.4986,11:57:55,3.76,0,0,0,75,15,0,0,0,0,0,0,0,0,0,0
8/8/2020,0.4988,11:58:15,3.76125,0,0,0,96,28,0,0,0,0,0,0,0,0,0,0
8/8/2020,0.4989,11:58:25,3.7625,0,0,0,105,31,3,0,0,0,0,0,0,0,0,0
8/8/2020,0.499,11:58:35,3.76375,0,0,0,111,26,0,0,0,0,0,0,0,0,0,0
8/8/2020,0.4991,11:58:45,3.76375,0,0,0,30,6,0,0,0,0,0,0,0,0,0,0
8/8/2020,0.4993,11:58:55,3.76375,0,0,0,39,6,0,0,0,0,0,0,0,0,0,0
8/8/2020,0.4995,11:59:15,3.76375,0,0,0,60,16,0,0,0,0,0,0,0,0,0,0
8/8/2020,0.4996,11:59:25,3.76375,0,0,0,63,17,0,0,0,0,0,0,0,0,0,0
8/8/2020,0.4997,11:59:35,3.76125,0,0,0,42,6,0,0,0,0,0,0,0,0,0,0
8/8/2020,0.4998,11:59:45,3.7625,0,0,0,39,6,0,0,0,0,0,0,0,0,0,0
8/8/2020,0.4999,11:59:55,3.76375,0,0,0,30,10,0,0,0,0,0,0,0,0,0,0
8/8/2020,0.5002,12:00:15,3.76375,0,0,0,42,11,0,0,0,0,0,0,0,0,0,0
8/8/2020,0.5003,12:00:25,3.7625,0,0,0,69,12,0,0,0,0,0,0,0,0,0,0
8/8/2020,0.5004,12:00:35,3.76375,0,0,0,90,18,0,0,0,0,0,0,0,0,0,0
8/8/2020,0.5005,12:00:45,3.7625,0,0,0,39,9,0,0,0,0,0,0,0,0,0,0
8/8/2020,0.5006,12:00:55,3.76125,0,0,0,9,3,0,0,0,0,0,0,0,0,0,0
8/8/2020,0.5009,12:01:15,3.75875,0,0,0,51,10,0,0,0,0,0,0,0,0,0,0
8/8/2020,0.501,12:01:25,3.76,0,0,0,81,16,0,0,0,0,0,0,0,0,0,0
8/8/2020,0.5011,12:01:35,3.7625,0,0,0,108,28,7,0,0,0,0,0,0,0,0,0
8/8/2020,0.5012,12:01:45,3.76375,0,0,0,339,102,10,0,0,0,1,1,1,1,1,1
8/8/2020,0.5013,12:01:55,3.76375,0,0,0,408,126,3,0,0,0,1,1,1,1,1,1
8/8/2020,0.5016,12:02:15,3.76375,0,0,0,159,45,6,3,3,3,0,0,2,0,0,2
8/8/2020,0.5017,12:02:25,3.7525,0,0,0,126,34,0,0,0,0,0,0,0,0,0,0
8/8/2020,0.5018,12:02:35,3.76125,0,0,0,147,45,6,3,3,3,0,0,2,0,0,2
8/8/2020,0.5019,12:02:45,3.76,0,0,0,96,24,3,3,3,3,0,0,2,0,0,2
8/8/2020,0.502,12:02:55,3.75875,0,0,0,126,38,6,3,0,0,0,0,0,0,0,0
8/8/2020,0.5023,12:03:15,3.76125,0,0,0,360,120,20,6,0,0,0,1,4,0,1,4
8/8/2020,0.5024,12:03:25,3.76125,0,0,0,315,97,12,9,6,3,0,0,6,0,0,6
8/8/2020,0.5025,12:03:35,3.76375,0,0,0,249,72,6,3,3,3,0,0,2,0,0,2
8/8/2020,0.5026,12:03:45,3.76375,0,0,0,216,61,6,0,0,0,0,0,0,0,0,0
8/8/2020,0.5027,12:03:55,3.76375,0,0,0,210,62,0,0,0,0,0,0,0,0,0,0
8/8/2020,0.503,12:04:15,3.75875,0,0,0,90,27,0,0,0,0,0,0,0,0,0,0
8/8/2020,0.5031,12:04:25,3.74875,0,0,0,102,30,0,0,0,0,0,0,0,0,0,0
8/8/2020,0.5032,12:04:35,3.76125,0,0,0,99,29,3,0,0,0,0,0,0,0,0,0
8/8/2020,0.5033,12:04:45,3.76125,0,0,0,144,44,3,0,0,0,0,0,0,0,0,0
8/8/2020,0.5034,12:04:55,3.7625,0,0,0,165,51,0,0,0,0,0,0,0,0,0,0
8/8/2020,0.5037,12:05:15,3.76375,0,0,0,156,49,3,0,0,0,0,0,0,0,0,0
8/8/2020,0.5038,12:05:25,3.76375,0,0,0,108,26,0,0,0,0,0,0,0,0,0,0
8/8/2020,0.5039,12:05:35,3.76125,0,0,0,69,16,0,0,0,0,0,0,0,0,0,0
8/8/2020,0.504,12:05:45,3.75875,0,0,0,114,30,3,0,0,0,0,0,0,0,0,0
8/8/2020,0.5041,12:05:55,3.7575,0,0,0,78,22,0,0,0,0,0,0,0,0,0,0
8/8/2020,0.5043,12:06:15,3.76,0,0,0,48,16,0,0,0,0,0,0,0,0,0,0
8/8/2020,0.5045,12:06:25,3.76125,0,0,0,90,30,0,0,0,0,0,0,0,0,0,0
8/8/2020,0.5046,12:06:35,3.7625,0,0,0,249,72,3,3,0,0,0,0,1,0,0,1
8/8/2020,0.5047,12:06:45,3.7625,0,0,0,231,66,3,3,0,0,0,0,0,0,0,0
8/8/2020,0.5048,12:06:55,3.76125,0,0,0,75,25,0,0,0,0,0,0,0,0,0,0
8/8/2020,0.505,12:07:15,3.7625,0,0,0,114,34,0,0,0,0,0,0,0,0,0,0
8/8/2020,0.5052,12:07:25,3.76125,0,0,0,69,19,0,0,0,0,0,0,0,0,0,0
8/8/2020,0.5053,12:07:35,3.75875,0,0,0,57,15,0,0,0,0,0,0,0,0,0,0
8/8/2020,0.5054,12:07:45,3.7575,0,0,0,42,6,0,0,0,0,0,0,0,0,0,0
8/8/2020,0.5055,12:07:55,3.75875,0,0,0,54,10,0,0,0,0,0,0,0,0,0,0
8/8/2020,0.5057,12:08:15,3.7625,0,0,0,51,10,0,0,0,0,0,0,0,0,0,0
8/8/2020,0.5058,12:08:25,3.76125,0,0,0,51,17,0,0,0,0,0,0,0,0,0,0
8/8/2020,0.506,12:08:35,3.76125,0,0,0,42,10,0,0,0,0,0,0,0,0,0,0
8/8/2020,0.5061,12:08:45,3.76,0,0,0,18,3,0,0,0,0,0,0,0,0,0,0
8/8/2020,0.5062,12:08:55,3.75875,0,0,0,27,6,0,0,0,0,0,0,0,0,0,0
8/8/2020,0.5064,12:09:15,3.75875,0,0,0,81,21,0,0,0,0,0,0,0,0,0,0
8/8/2020,0.5065,12:09:25,3.75125,0,0,0,45,15,0,0,0,0,0,0,0,0,0,0
8/8/2020,0.5067,12:09:35,3.75125,0,0,0,0,0,0,0,0,0,0,0,0,0,0,0
8/8/2020,0.5068,12:09:45,3.76125,0,0,0,0,0,0,0,0,0,0,0,0,0,0,0
8/8/2020,0.5069,12:09:55,3.76125,0,0,0,9,3,0,0,0,0,0,0,0,0,0,0
8/8/2020,0.5071,12:10:15,3.76125,0,0,0,0,0,0,0,0,0,0,0,0,0,0,0
8/8/2020,0.5072,12:10:25,3.76,0,0,0,0,0,0,0,0,0,0,0,0,0,0,0
8/8/2020,0.5074,12:10:35,3.75875,0,0,0,0,0,0,0,0,0,0,0,0,0,0,0
8/8/2020,0.5075,12:10:45,3.75875,0,0,0,0,0,0,0,0,0,0,0,0,0,0,0
8/8/2020,0.5076,12:10:55,3.7575,0,0,0,9,3,3,3,0,0,0,0,0,0,0,0
8/8/2020,0.5078,12:11:15,3.76,0,0,0,0,0,0,0,0,0,0,0,0,0,0,0
8/8/2020,0.5079,12:11:25,3.76125,0,0,0,0,0,0,0,0,0,0,0,0,0,0,0
8/8/2020,0.508,12:11:35,3.76125,0,0,0,0,0,0,0,0,0,0,0,0,0,0,0
8/8/2020,0.5082,12:11:45,3.76125,0,0,0,0,0,0,0,0,0,0,0,0,0,0,0
8/8/2020,0.5083,12:11:55,3.76125,0,0,0,0,0,0,0,0,0,0,0,0,0,0,0
8/8/2020,0.5085,12:12:15,3.76,0,0,0,0,0,0,0,0,0,0,0,0,0,0,0
8/8/2020,0.5086,12:12:25,3.75875,0,0,0,0,0,0,0,0,0,0,0,0,0,0,0
8/8/2020,0.5087,12:12:35,3.7575,0,0,0,0,0,0,0,0,0,0,0,0,0,0,0
8/8/2020,0.5089,12:12:45,3.7575,0,0,0,21,7,0,0,0,0,0,0,0,0,0,0
8/8/2020,0.509,12:12:55,3.76,0,0,0,198,66,0,0,0,0,0,0,0,0,0,0
8/8/2020,0.5092,12:13:15,3.76125,0,0,0,312,104,24,3,0,0,0,1,3,0,1,3
8/8/2020,0.5093,12:13:25,3.76125,0,0,0,369,123,23,3,0,0,1,2,3,1,2,3
8/8/2020,0.5094,12:13:35,3.75875,0,0,0,390,130,41,9,6,0,2,4,9,2,4,9
8/8/2020,0.5096,12:13:45,3.75625,0,0,0,321,107,26,6,6,0,0,1,5,0,1,5
8/8/2020,0.5097,12:13:55,3.7575,0,0,0,261,87,16,3,3,0,0,1,3,0,1,3
8/8/2020,0.5099,12:14:15,3.76,0,0,0,132,44,13,0,0,0,0,0,0,0,0,0
8/8/2020,0.51,12:14:25,3.76125,0,0,0,72,24,6,0,0,0,0,0,0,0,0,0
8/8/2020,0.5101,12:14:35,3.76125,0,0,0,105,35,13,0,0,0,0,0,0,0,0,0
8/8/2020,0.5102,12:14:45,3.76125,0,0,0,66,22,7,0,0,0,0,0,0,0,0,0
8/8/2020,0.5104,12:14:55,3.76125,0,0,0,30,10,0,0,0,0,0,0,0,0,0,0
8/8/2020,0.5106,12:15:15,3.76125,0,0,0,75,25,3,0,0,0,0,0,0,0,0,0
8/8/2020,0.5107,12:15:25,3.75875,0,0,0,45,15,0,0,0,0,0,0,0,0,0,0
8/8/2020,0.5108,12:15:35,3.75625,0,0,0,9,3,0,0,0,0,0,0,0,0,0,0
8/8/2020,0.5109,12:15:45,3.75625,0,0,0,42,11,3,3,3,3,0,0,1,0,0,1
8/8/2020,0.5111,12:15:55,3.75875,0,0,0,51,14,3,3,3,3,0,0,1,0,0,1
8/8/2020,0.5113,12:16:15,3.76125,0,0,0,21,7,3,3,3,3,0,0,1,0,0,1
8/8/2020,0.5114,12:16:25,3.76125,0,0,0,30,10,3,3,3,3,0,0,1,0,0,1
8/8/2020,0.5115,12:16:35,3.76,0,0,0,9,3,0,0,0,0,0,0,0,0,0,0
8/8/2020,0.5116,12:16:45,3.76,0,0,0,0,0,0,0,0,0,0,0,0,0,0,0
8/8/2020,0.5118,12:16:55,3.76125,0,0,0,30,10,0,0,0,0,0,0,0,0,0,0
8/8/2020,0.512,12:17:15,3.75875,0,0,0,0,0,0,0,0,0,0,0,0,0,0,0
8/8/2020,0.5121,12:17:25,3.75625,0,0,0,0,0,0,0,0,0,0,0,0,0,0,0
8/8/2020,0.5122,12:17:35,3.76125,0,0,0,9,3,0,0,0,0,0,0,0,0,0,0
8/8/2020,0.5123,12:17:45,3.76125,0,0,0,9,3,0,0,0,0,0,0,0,0,0,0
8/8/2020,0.5124,12:17:55,3.76125,0,0,0,0,0,0,0,0,0,0,0,0,0,0,0
8/8/2020,0.5127,12:18:15,3.76,0,0,0,0,0,0,0,0,0,0,0,0,0,0,0
8/8/2020,0.5128,12:18:25,3.75875,0,0,0,0,0,0,0,0,0,0,0,0,0,0,0
8/8/2020,0.5129,12:18:35,3.7575,0,0,0,0,0,0,0,0,0,0,0,0,0,0,0
8/8/2020,0.513,12:18:45,3.75625,0,0,0,9,3,0,0,0,0,0,0,0,0,0,0
8/8/2020,0.5131,12:18:55,3.7575,0,0,0,9,3,0,0,0,0,0,0,0,0,0,0
8/8/2020,0.5134,12:19:15,3.75875,0,0,0,0,0,0,0,0,0,0,0,0,0,0,0
8/8/2020,0.5135,12:19:25,3.76,0,0,0,0,0,0,0,0,0,0,0,0,0,0,0
8/8/2020,0.5136,12:19:35,3.76125,0,0,0,0,0,0,0,0,0,0,0,0,0,0,0
8/8/2020,0.5137,12:19:45,3.76125,0,0,0,0,0,0,0,0,0,0,0,0,0,0,0
8/8/2020,0.5138,12:19:55,3.76125,0,0,0,0,0,0,0,0,0,0,0,0,0,0,0
8/8/2020,0.5141,12:20:15,3.75875,0,0,0,9,3,0,0,0,0,0,0,0,0,0,0
8/8/2020,0.5142,12:20:25,3.75625,0,0,0,0,0,0,0,0,0,0,0,0,0,0,0
8/8/2020,0.5143,12:20:35,3.75625,0,0,0,0,0,0,0,0,0,0,0,0,0,0,0
8/8/2020,0.5144,12:20:45,3.7575,0,0,0,0,0,0,0,0,0,0,0,0,0,0,0
8/8/2020,0.5145,12:20:55,3.75875,0,0,0,0,0,0,0,0,0,0,0,0,0,0,0
8/8/2020,0.5148,12:21:15,3.76125,0,0,0,0,0,0,0,0,0,0,0,0,0,0,0
8/8/2020,0.5149,12:21:25,3.75125,0,0,0,0,0,0,0,0,0,0,0,0,0,0,0
8/8/2020,0.515,12:21:35,3.76,0,0,0,0,0,0,0,0,0,0,0,0,0,0,0
8/8/2020,0.5151,12:21:45,3.76125,0,0,0,0,0,0,0,0,0,0,0,0,0,0,0
8/8/2020,0.5152,12:21:55,3.75875,0,0,0,0,0,0,0,0,0,0,0,0,0,0,0
8/8/2020,0.5155,12:22:15,3.75875,0,0,0,0,0,0,0,0,0,0,0,0,0,0,0
8/8/2020,0.5156,12:22:25,3.76,0,0,0,54,18,0,0,0,0,0,0,0,0,0,0
8/8/2020,0.5157,12:22:35,3.75875,0,0,0,9,3,0,0,0,0,0,0,0,0,0,0
8/8/2020,0.5158,12:22:45,3.75875,0,0,0,18,6,3,0,0,0,0,0,0,0,0,0
8/8/2020,0.5159,12:22:55,3.76,0,0,0,18,6,3,0,0,0,0,0,0,0,0,0
8/8/2020,0.5162,12:23:15,3.75875,0,0,0,39,9,3,3,3,3,0,0,1,0,0,1
8/8/2020,0.5163,12:23:25,3.74625,0,0,0,18,6,3,3,3,3,0,0,1,0,0,1
8/8/2020,0.5164,12:23:35,3.755,0,0,0,66,22,3,0,0,0,0,0,0,0,0,0
8/8/2020,0.5165,12:23:45,3.75625,0,0,0,84,28,3,0,0,0,0,0,0,0,0,0
8/8/2020,0.5166,12:23:55,3.7575,0,0,0,36,12,0,0,0,0,0,0,0,0,0,0
8/8/2020,0.5168,12:24:15,3.76125,0,0,0,51,17,3,3,3,0,0,0,1,0,0,1
8/8/2020,0.517,12:24:25,3.75875,0,0,0,192,64,13,0,0,0,0,0,0,0,0,0
8/8/2020,0.5171,12:24:35,3.75875,0,0,0,414,138,35,7,7,3,1,2,8,1,2,8
8/8/2020,0.5172,12:24:45,3.76,0,0,0,276,92,28,10,7,3,0,1,7,0,1,7
8/8/2020,0.5173,12:24:55,3.75875,0,0,0,327,101,21,6,3,0,0,2,5,0,2,5
8/8/2020,0.5175,12:25:15,3.75875,0,0,0,1617,414,47,0,0,0,6,8,8,6,8,8
8/8/2020,0.5177,12:25:25,3.75875,0,0,0,297,99,21,6,3,0,0,0,4,0,0,4
8/8/2020,0.5178,12:25:35,3.75875,0,0,0,315,101,28,6,3,0,1,1,4,1,1,4
8/8/2020,0.5179,12:25:45,3.75875,0,0,0,255,81,13,3,3,3,0,0,3,0,0,3
8/8/2020,0.518,12:25:55,3.76,0,0,0,402,126,13,6,6,3,1,1,6,1,1,6
8/8/2020,0.5182,12:26:15,3.75875,0,0,0,153,51,13,0,0,0,0,0,0,0,0,0
8/8/2020,0.5183,12:26:25,3.75625,0,0,0,192,64,6,0,0,0,0,0,0,0,0,0
8/8/2020,0.5185,12:26:35,3.75875,0,0,0,630,206,31,3,0,0,3,4,5,3,4,5
8/8/2020,0.5186,12:26:45,3.76,0,0,0,2346,692,126,37,9,0,12,21,33,12,21,33
8/8/2020,0.5187,12:26:55,3.75625,0,0,0,3282,937,162,13,10,3,16,26,34,16,26,34
8/8/2020,0.5189,12:27:15,3.75625,0,0,0,1113,320,53,9,6,0,4,7,12,4,7,12
8/8/2020,0.519,12:27:25,3.7475,0,0,0,759,241,42,6,3,0,3,5,8,3,5,8
8/8/2020,0.5192,12:27:35,3.75875,0,0,0,498,166,28,9,3,0,1,2,7,1,2,7
8/8/2020,0.5193,12:27:45,3.75875,0,0,0,381,123,17,3,0,0,1,1,2,1,1,2
8/8/2020,0.5194,12:27:55,3.75875,0,0,0,618,202,20,3,3,0,3,3,5,3,3,5
8/8/2020,0.5196,12:28:15,3.75875,0,0,0,582,190,31,0,0,0,2,3,3,2,3,3
8/8/2020,0.5197,12:28:25,3.7575,0,0,0,333,111,13,6,3,0,0,0,4,0,0,4
8/8/2020,0.5199,12:28:35,3.75625,0,0,0,180,60,13,6,3,0,0,0,3,0,0,3
8/8/2020,0.52,12:28:45,3.755,0,0,0,336,108,6,3,0,0,1,1,2,1,1,2
8/8/2020,0.5201,12:28:55,3.755,0,0,0,324,100,6,3,0,0,0,1,2,0,1,2
8/8/2020,0.5203,12:29:15,3.75875,0,0,0,291,97,16,3,3,0,0,1,3,0,1,3
8/8/2020,0.5204,12:29:25,3.75875,0,0,0,216,72,12,3,3,3,0,0,3,0,0,3
8/8/2020,0.5205,12:29:35,3.75875,0,0,0,162,54,9,6,6,3,0,0,5,0,0,5
8/8/2020,0.5207,12:29:45,3.75875,0,0,0,174,58,6,3,3,0,0,0,2,0,0,2
8/8/2020,0.5208,12:29:55,3.75875,0,0,0,282,82,3,0,0,0,0,1,1,0,1,1
8/8/2020,0.521,12:30:15,3.7575,0,0,0,114,38,3,3,0,0,0,0,0,0,0,0
8/8/2020,0.5211,12:30:25,3.755,0,0,0,75,25,0,0,0,0,0,0,0,0,0,0
8/8/2020,0.5212,12:30:35,3.755,0,0,0,30,10,0,0,0,0,0,0,0,0,0,0
8/8/2020,0.5214,12:30:45,3.75625,0,0,0,144,48,0,0,0,0,0,0,0,0,0,0
8/8/2020,0.5215,12:30:55,3.75875,0,0,0,144,48,0,0,0,0,0,0,0,0,0,0
8/8/2020,0.5217,12:31:15,3.75875,0,0,0,48,13,3,3,3,0,0,0,0,0,0,0
8/8/2020,0.5218,12:31:25,3.75625,0,0,0,60,17,7,0,0,0,0,0,0,0,0,0
8/8/2020,0.5219,12:31:35,3.75625,0,0,0,189,63,10,3,0,0,0,0,1,0,0,1
8/8/2020,0.5221,12:31:45,3.755,0,0,0,177,59,0,0,0,0,0,0,0,0,0,0
8/8/2020,0.5222,12:31:55,3.755,0,0,0,60,16,0,0,0,0,0,0,0,0,0,0
8/8/2020,0.5224,12:32:15,3.7575,0,0,0,174,58,9,3,0,0,0,0,1,0,0,1
8/8/2020,0.5225,12:32:25,3.7575,0,0,0,162,54,9,6,3,0,0,0,3,0,0,3
8/8/2020,0.5226,12:32:35,3.75875,0,0,0,84,28,7,0,0,0,0,0,0,0,0,0
8/8/2020,0.5227,12:32:45,3.75875,0,0,0,39,13,7,0,0,0,0,0,0,0,0,0
8/8/2020,0.5229,12:32:55,3.75875,0,0,0,18,6,0,0,0,0,0,0,0,0,0,0
8/8/2020,0.5231,12:33:15,3.7575,0,0,0,39,13,0,0,0,0,0,0,0,0,0,0
8/8/2020,0.5232,12:33:25,3.755,0,0,0,57,16,0,0,0,0,0,0,0,0,0,0
8/8/2020,0.5233,12:33:35,3.75375,0,0,0,45,12,6,0,0,0,0,0,0,0,0,0
8/8/2020,0.5234,12:33:45,3.755,0,0,0,18,6,6,0,0,0,0,0,0,0,0,0
8/8/2020,0.5236,12:33:55,3.75625,0,0,0,0,0,0,0,0,0,0,0,0,0,0,0
8/8/2020,0.5238,12:34:15,3.75875,0,0,0,39,10,0,0,0,0,0,0,0,0,0,0
8/8/2020,0.5239,12:34:25,3.7575,0,0,0,9,3,0,0,0,0,0,0,0,0,0,0
8/8/2020,0.524,12:34:35,3.75875,0,0,0,9,3,3,3,3,3,0,0,1,0,0,1
8/8/2020,0.5241,12:34:45,3.75875,0,0,0,9,3,3,3,3,3,0,0,1,0,0,1
8/8/2020,0.5243,12:34:55,3.75875,0,0,0,0,0,0,0,0,0,0,0,0,0,0,0
8/8/2020,0.5245,12:35:15,3.755,0,0,0,30,10,6,3,3,0,0,0,1,0,0,1
8/8/2020,0.5246,12:35:25,3.75875,0,0,0,21,7,3,0,0,0,0,0,0,0,0,0
8/8/2020,0.5247,12:35:35,3.75875,0,0,0,0,0,0,0,0,0,0,0,0,0,0,0
8/8/2020,0.5248,12:35:45,3.75875,0,0,0,0,0,0,0,0,0,0,0,0,0,0,0
8/8/2020,0.5249,12:35:55,3.7575,0,0,0,0,0,0,0,0,0,0,0,0,0,0,0
8/8/2020,0.5252,12:36:15,3.75875,0,0,0,9,3,0,0,0,0,0,0,0,0,0,0
8/8/2020,0.5253,12:36:25,3.75625,0,0,0,0,0,0,0,0,0,0,0,0,0,0,0
8/8/2020,0.5254,12:36:35,3.75375,0,0,0,0,0,0,0,0,0,0,0,0,0,0,0
8/8/2020,0.5255,12:36:45,3.75375,0,0,0,9,3,0,0,0,0,0,0,0,0,0,0
8/8/2020,0.5256,12:36:55,3.755,0,0,0,9,3,0,0,0,0,0,0,0,0,0,0
8/8/2020,0.5259,12:37:15,3.75875,0,0,0,21,7,0,0,0,0,0,0,0,0,0,0
8/8/2020,0.526,12:37:25,3.7575,0,0,0,21,7,0,0,0,0,0,0,0,0,0,0
8/8/2020,0.5261,12:37:35,3.75875,0,0,0,9,3,0,0,0,0,0,0,0,0,0,0
8/8/2020,0.5262,12:37:45,3.7575,0,0,0,0,0,0,0,0,0,0,0,0,0,0,0
8/8/2020,0.5263,12:37:55,3.75625,0,0,0,33,11,0,0,0,0,0,0,0,0,0,0
8/8/2020,0.5266,12:38:15,3.755,0,0,0,39,13,0,0,0,0,0,0,0,0,0,0
8/8/2020,0.5267,12:38:25,3.75375,0,0,0,42,14,3,0,0,0,0,0,0,0,0,0
8/8/2020,0.5268,12:38:35,3.75375,0,0,0,66,22,3,0,0,0,0,0,0,0,0,0
8/8/2020,0.5269,12:38:45,3.755,0,0,0,33,11,0,0,0,0,0,0,0,0,0,0
8/8/2020,0.527,12:38:55,3.75625,0,0,0,42,14,0,0,0,0,0,0,0,0,0,0
8/8/2020,0.5273,12:39:15,3.75875,0,0,0,18,6,0,0,0,0,0,0,0,0,0,0
8/8/2020,0.5274,12:39:25,3.7425,0,0,0,147,49,7,3,0,0,0,1,1,0,1,1
8/8/2020,0.5275,12:39:35,3.755,0,0,0,225,75,19,9,0,0,0,2,3,0,2,3
8/8/2020,0.5276,12:39:45,3.7525,0,0,0,150,50,9,6,3,0,0,0,3,0,0,3
8/8/2020,0.5277,12:39:55,3.7575,0,0,0,51,17,3,3,3,0,0,0,1,0,0,1
8/8/2020,0.528,12:40:15,3.75625,0,0,0,183,57,0,0,0,0,0,0,0,0,0,0
8/8/2020,0.5281,12:40:25,3.75625,0,0,0,165,55,0,0,0,0,0,0,0,0,0,0
8/8/2020,0.5282,12:40:35,3.7575,0,0,0,396,132,13,3,0,0,1,2,3,1,2,3
8/8/2020,0.5283,12:40:45,3.75625,0,0,0,396,124,25,0,0,0,1,2,2,1,2,2
8/8/2020,0.5284,12:40:55,3.75375,0,0,0,198,62,18,0,0,0,0,0,0,0,0,0
8/8/2020,0.5287,12:41:15,3.75375,0,0,0,75,25,0,0,0,0,0,0,0,0,0,0
8/8/2020,0.5288,12:41:25,3.755,0,0,0,357,115,24,3,0,0,1,3,3,1,3,3
8/8/2020,0.5289,12:41:35,3.7575,0,0,0,606,194,40,3,3,0,3,4,6,3,4,6
8/8/2020,0.529,12:41:45,3.7575,0,0,0,687,218,45,0,0,0,3,4,4,3,4,4
8/8/2020,0.5291,12:41:55,3.7575,0,0,0,783,258,64,0,0,0,4,7,7,4,7,7
8/8/2020,0.5293,12:42:15,3.75375,0,0,0,501,159,15,3,3,0,2,2,4,2,2,4
8/8/2020,0.5295,12:42:25,3.75125,0,0,0,465,155,14,0,0,0,2,2,2,2,2,2
8/8/2020,0.5296,12:42:35,3.75625,0,0,0,786,254,65,13,0,0,4,10,10,4,10,10
8/8/2020,0.5297,12:42:45,3.7575,0,0,0,912,292,47,9,3,3,5,8,11,5,8,11
8/8/2020,0.5298,12:42:55,3.7575,0,0,0,792,252,36,6,6,6,4,5,10,4,5,10
8/8/2020,0.53,12:43:15,3.75625,0,0,0,270,82,18,0,0,0,0,0,0,0,0,0
8/8/2020,0.5302,12:43:25,3.75375,0,0,0,237,75,14,0,0,0,0,0,0,0,0,0
8/8/2020,0.5303,12:43:35,3.75375,0,0,0,180,60,9,6,6,0,1,1,4,1,1,4
8/8/2020,0.5304,12:43:45,3.75375,0,0,0,222,70,17,6,3,0,0,1,3,0,1,3
8/8/2020,0.5305,12:43:55,3.75375,0,0,0,231,73,17,6,0,0,0,1,2,0,1,2
8/8/2020,0.5307,12:44:15,3.75625,0,0,0,207,61,10,0,0,0,0,0,0,0,0,0
8/8/2020,0.5308,12:44:25,3.74625,0,0,0,102,27,0,0,0,0,0,0,0,0,0,0
8/8/2020,0.531,12:44:35,3.75625,0,0,0,171,51,6,0,0,0,0,0,0,0,0,0
8/8/2020,0.5311,12:44:45,3.75375,0,0,0,228,76,6,0,0,0,0,0,0,0,0,0
8/8/2020,0.5312,12:44:55,3.75125,0,0,0,138,46,6,3,3,0,0,0,1,0,0,1
8/8/2020,0.5314,12:45:15,3.755,0,0,0,264,88,6,3,0,0,0,0,1,0,0,1
8/8/2020,0.5315,12:45:25,3.75625,0,0,0,231,77,6,3,0,0,0,0,1,0,0,1
8/8/2020,0.5317,12:45:35,3.7575,0,0,0,90,27,10,0,0,0,0,0,0,0,0,0
8/8/2020,0.5318,12:45:45,3.75625,0,0,0,48,16,0,0,0,0,0,0,0,0,0,0
8/8/2020,0.5319,12:45:55,3.75625,0,0,0,36,12,3,3,0,0,0,0,0,0,0,0
8/8/2020,0.5321,12:46:15,3.7575,0,0,0,93,31,12,3,0,0,0,0,0,0,0,0
8/8/2020,0.5322,12:46:25,3.74375,0,0,0,87,29,6,3,3,0,0,0,1,0,0,1
8/8/2020,0.5324,12:46:35,3.75375,0,0,0,54,18,0,0,0,0,0,0,0,0,0,0
8/8/2020,0.5325,12:46:45,3.75125,0,0,0,30,10,0,0,0,0,0,0,0,0,0,0
8/8/2020,0.5326,12:46:55,3.75375,0,0,0,9,3,0,0,0,0,0,0,0,0,0,0
8/8/2020,0.5328,12:47:15,3.75625,0,0,0,30,10,0,0,0,0,0,0,0,0,0,0
8/8/2020,0.5329,12:47:25,3.74375,0,0,0,27,6,0,0,0,0,0,0,0,0,0,0
8/8/2020,0.533,12:47:35,3.75625,0,0,0,39,10,0,0,0,0,0,0,0,0,0,0
8/8/2020,0.5332,12:47:45,3.75625,0,0,0,9,3,0,0,0,0,0,0,0,0,0,0
8/8/2020,0.5333,12:47:55,3.75625,0,0,0,18,3,0,0,0,0,0,0,0,0,0,0
8/8/2020,0.5335,12:48:15,3.755,0,0,0,9,3,0,0,0,0,0,0,0,0,0,0
8/8/2020,0.5336,12:48:25,3.7525,0,0,0,9,3,3,3,3,3,0,0,1,0,0,1
8/8/2020,0.5337,12:48:35,3.75125,0,0,0,18,6,3,3,3,3,0,0,1,0,0,1
8/8/2020,0.5339,12:48:45,3.7525,0,0,0,9,3,0,0,0,0,0,0,0,0,0,0
8/8/2020,0.534,12:48:55,3.75625,0,0,0,9,3,0,0,0,0,0,0,0,0,0,0
8/8/2020,0.5342,12:49:15,3.75625,0,0,0,9,0,0,0,0,0,0,0,0,0,0,0
8/8/2020,0.5343,12:49:25,3.755,0,0,0,9,3,0,0,0,0,0,0,0,0,0,0
8/8/2020,0.5344,12:49:35,3.75375,0,0,0,0,0,0,0,0,0,0,0,0,0,0,0
8/8/2020,0.5346,12:49:45,3.7525,0,0,0,0,0,0,0,0,0,0,0,0,0,0,0
8/8/2020,0.5347,12:49:55,3.7525,0,0,0,54,18,0,0,0,0,0,0,0,0,0,0
8/8/2020,0.5349,12:50:15,3.755,0,0,0,30,10,3,0,0,0,0,0,0,0,0,0
8/8/2020,0.535,12:50:25,3.75625,0,0,0,21,7,3,0,0,0,0,0,0,0,0,0
8/8/2020,0.5351,12:50:35,3.75625,0,0,0,0,0,0,0,0,0,0,0,0,0,0,0
8/8/2020,0.5352,12:50:45,3.75625,0,0,0,30,10,3,0,0,0,0,0,0,0,0,0
8/8/2020,0.5354,12:50:55,3.75625,0,0,0,21,7,3,0,0,0,0,0,0,0,0,0
8/8/2020,0.5356,12:51:15,3.755,0,0,0,0,0,0,0,0,0,0,0,0,0,0,0
8/8/2020,0.5357,12:51:25,3.75375,0,0,0,0,0,0,0,0,0,0,0,0,0,0,0
8/8/2020,0.5358,12:51:35,3.75125,0,0,0,0,0,0,0,0,0,0,0,0,0,0,0
8/8/2020,0.5359,12:51:45,3.7525,0,0,0,0,0,0,0,0,0,0,0,0,0,0,0
8/8/2020,0.5361,12:51:55,3.75375,0,0,0,0,0,0,0,0,0,0,0,0,0,0,0
8/8/2020,0.5363,12:52:15,3.755,0,0,0,0,0,0,0,0,0,0,0,0,0,0,0
8/8/2020,0.5364,12:52:25,3.74625,0,0,0,9,3,3,3,3,0,0,0,0,0,0,0
8/8/2020,0.5365,12:52:35,3.74625,0,0,0,117,32,3,3,3,3,0,0,2,0,0,2
8/8/2020,0.5366,12:52:45,3.75625,0,0,0,171,50,3,3,3,3,0,0,2,0,0,2
8/8/2020,0.5368,12:52:55,3.75625,0,0,0,138,43,0,0,0,0,0,0,0,0,0,0
8/8/2020,0.537,12:53:15,3.75125,0,0,0,159,46,10,0,0,0,0,0,0,0,0,0
8/8/2020,0.5371,12:53:25,3.75625,0,0,0,150,42,13,0,0,0,0,0,0,0,0,0
8/8/2020,0.5372,12:53:35,3.755,0,0,0,210,66,19,3,0,0,0,1,2,0,1,2
8/8/2020,0.5373,12:53:45,3.75625,0,0,0,186,62,9,3,0,0,0,0,1,0,0,1
8/8/2020,0.5374,12:53:55,3.75625,0,0,0,336,101,20,0,0,0,1,1,1,1,1,1
8/8/2020,0.5377,12:54:15,3.755,0,0,0,162,54,3,0,0,0,0,0,0,0,0,0
8/8/2020,0.5378,12:54:25,3.7425,0,0,0,54,18,0,0,0,0,0,0,0,0,0,0
8/8/2020,0.5379,12:54:35,3.75125,0,0,0,54,18,3,3,0,0,0,0,0,0,0,0
8/8/2020,0.538,12:54:45,3.75,0,0,0,111,37,9,3,0,0,0,0,0,0,0,0
8/8/2020,0.5381,12:54:55,3.75375,0,0,0,120,36,6,3,3,0,0,0,1,0,0,1
8/8/2020,0.5384,12:55:15,3.75625,0,0,0,84,21,10,0,0,0,0,0,0,0,0,0
8/8/2020,0.5385,12:55:25,3.755,0,0,0,369,112,37,0,0,0,1,2,2,1,2,2
8/8/2020,0.5386,12:55:35,3.755,0,0,0,675,213,34,3,0,0,4,5,6,4,5,6
8/8/2020,0.5387,12:55:45,3.75375,0,0,0,795,257,62,13,0,0,4,9,11,4,9,11
8/8/2020,0.5388,12:55:55,3.75125,0,0,0,294,86,33,3,0,0,0,2,2,0,2,2
8/8/2020,0.5391,12:56:15,3.7525,0,0,0,195,65,6,6,3,0,0,0,3,0,0,3
8/8/2020,0.5392,12:56:25,3.75375,0,0,0,375,121,23,7,7,7,1,1,7,1,1,7
8/8/2020,0.5393,12:56:35,3.755,0,0,0,429,131,22,3,3,0,1,1,3,1,1,3
8/8/2020,0.5394,12:56:45,3.755,0,0,0,486,146,30,6,6,3,1,2,7,1,2,7
8/8/2020,0.5395,12:56:55,3.75625,0,0,0,534,174,53,3,3,3,2,4,7,2,4,7
8/8/2020,0.5398,12:57:15,3.75625,0,0,0,534,170,30,3,0,0,2,3,5,2,3,5
8/8/2020,0.5399,12:57:25,3.7425,0,0,0,513,155,26,0,0,0,1,3,3,1,3,3
8/8/2020,0.54,12:57:35,3.75125,0,0,0,456,140,30,3,0,0,1,4,4,1,4,4
8/8/2020,0.5401,12:57:45,3.75375,0,0,0,360,112,34,3,3,0,0,2,4,0,2,4
8/8/2020,0.5402,12:57:55,3.75375,0,0,0,465,144,21,0,0,0,1,3,3,1,3,3
8/8/2020,0.5405,12:58:15,3.75375,0,0,0,246,74,17,7,3,3,0,0,4,0,0,4
8/8/2020,0.5406,12:58:25,3.74125,0,0,0,159,49,3,0,0,0,0,0,0,0,0,0
8/8/2020,0.5407,12:58:35,3.75125,0,0,0,156,52,6,0,0,0,0,0,0,0,0,0
8/8/2020,0.5408,12:58:45,3.75125,0,0,0,207,61,6,3,0,0,0,0,2,0,0,2
8/8/2020,0.5409,12:58:55,3.75375,0,0,0,333,103,13,6,3,0,0,0,4,0,0,4
8/8/2020,0.5412,12:59:15,3.75375,0,0,0,261,83,16,10,6,0,0,0,5,0,0,5
8/8/2020,0.5413,12:59:25,3.755,0,0,0,252,84,9,3,3,0,0,0,2,0,0,2
8/8/2020,0.5414,12:59:35,3.755,0,0,0,210,70,6,3,3,0,0,0,2,0,0,2
8/8/2020,0.5415,12:59:45,3.755,0,0,0,132,40,3,3,3,0,0,0,1,0,0,1
8/8/2020,0.5416,12:59:55,3.75375,0,0,0,198,54,3,3,3,0,0,0,1,0,0,1
8/8/2020,0.5418,13:00:15,3.75125,0,0,0,90,27,0,0,0,0,0,0,0,0,0,0
8/8/2020,0.542,13:00:25,3.75125,0,0,0,102,30,3,0,0,0,0,0,0,0,0,0
8/8/2020,0.5421,13:00:35,3.75125,0,0,0,123,37,3,3,0,0,0,0,0,0,0,0
8/8/2020,0.5422,13:00:45,3.75375,0,0,0,90,30,3,3,0,0,0,0,0,0,0,0
8/8/2020,0.5423,13:00:55,3.75375,0,0,0,147,49,3,0,0,0,0,0,0,0,0,0
8/8/2020,0.5425,13:01:15,3.75625,0,0,0,195,61,13,6,6,0,0,0,4,0,0,4
8/8/2020,0.5427,13:01:25,3.755,0,0,0,177,59,13,3,3,0,1,1,3,1,1,3
8/8/2020,0.5428,13:01:35,3.755,0,0,0,45,15,3,3,0,0,0,0,0,0,0,0
8/8/2020,0.5429,13:01:45,3.75375,0,0,0,66,18,3,3,0,0,0,0,0,0,0,0
8/8/2020,0.543,13:01:55,3.75125,0,0,0,84,24,0,0,0,0,0,0,0,0,0,0
8/8/2020,0.5432,13:02:15,3.75625,0,0,0,78,19,3,3,3,0,0,0,1,0,0,1
8/8/2020,0.5433,13:02:25,3.75375,0,0,0,57,12,0,0,0,0,0,0,0,0,0,0
8/8/2020,0.5435,13:02:35,3.75375,0,0,0,69,16,3,0,0,0,0,0,0,0,0,0
8/8/2020,0.5436,13:02:45,3.75375,0,0,0,102,31,3,0,0,0,0,0,0,0,0,0
8/8/2020,0.5437,13:02:55,3.75375,0,0,0,27,9,0,0,0,0,0,0,0,0,0,0
8/8/2020,0.5439,13:03:15,3.75125,0,0,0,18,3,0,0,0,0,0,0,0,0,0,0
8/8/2020,0.544,13:03:25,3.74875,0,0,0,18,3,0,0,0,0,0,0,0,0,0,0
8/8/2020,0.5442,13:03:35,3.75,0,0,0,21,7,0,0,0,0,0,0,0,0,0,0
8/8/2020,0.5443,13:03:45,3.75375,0,0,0,42,14,0,0,0,0,0,0,0,0,0,0
8/8/2020,0.5444,13:03:55,3.75375,0,0,0,21,7,0,0,0,0,0,0,0,0,0,0
8/8/2020,0.5446,13:04:15,3.755,0,0,0,9,3,3,0,0,0,0,0,0,0,0,0
8/8/2020,0.5447,13:04:25,3.75375,0,0,0,9,0,0,0,0,0,0,0,0,0,0,0
8/8/2020,0.5449,13:04:35,3.75375,0,0,0,18,3,0,0,0,0,0,0,0,0,0,0
8/8/2020,0.545,13:04:45,3.75375,0,0,0,0,0,0,0,0,0,0,0,0,0,0,0
8/8/2020,0.5451,13:04:55,3.75125,0,0,0,0,0,0,0,0,0,0,0,0,0,0,0
8/8/2020,0.5453,13:05:15,3.75125,0,0,0,9,3,0,0,0,0,0,0,0,0,0,0
8/8/2020,0.5454,13:05:25,3.75,0,0,0,0,0,0,0,0,0,0,0,0,0,0,0
8/8/2020,0.5455,13:05:35,3.7525,0,0,0,33,11,3,3,3,0,0,0,1,0,0,1
8/8/2020,0.5457,13:05:45,3.75375,0,0,0,42,14,6,6,6,0,0,0,3,0,0,3
8/8/2020,0.5458,13:05:55,3.75375,0,0,0,0,0,0,0,0,0,0,0,0,0,0,0
8/8/2020,0.546,13:06:15,3.75375,0,0,0,9,0,0,0,0,0,0,0,0,0,0,0
8/8/2020,0.5461,13:06:25,3.75375,0,0,0,9,0,0,0,0,0,0,0,0,0,0,0
8/8/2020,0.5462,13:06:35,3.7525,0,0,0,0,0,0,0,0,0,0,0,0,0,0,0
8/8/2020,0.5464,13:06:45,3.75125,0,0,0,0,0,0,0,0,0,0,0,0,0,0,0
8/8/2020,0.5465,13:06:55,3.7525,0,0,0,0,0,0,0,0,0,0,0,0,0,0,0
8/8/2020,0.5467,13:07:15,3.75375,0,0,0,0,0,0,0,0,0,0,0,0,0,0,0
8/8/2020,0.5468,13:07:25,3.75375,0,0,0,0,0,0,0,0,0,0,0,0,0,0,0
8/8/2020,0.5469,13:07:35,3.75375,0,0,0,0,0,0,0,0,0,0,0,0,0,0,0
8/8/2020,0.5471,13:07:45,3.75375,0,0,0,27,9,0,0,0,0,0,0,0,0,0,0
8/8/2020,0.5472,13:07:55,3.75125,0,0,0,9,3,0,0,0,0,0,0,0,0,0,0
8/8/2020,0.5474,13:08:15,3.74875,0,0,0,105,31,0,0,0,0,0,0,0,0,0,0
8/8/2020,0.5475,13:08:25,3.73875,0,0,0,138,42,11,3,3,0,0,0,1,0,0,1
8/8/2020,0.5476,13:08:35,3.75125,0,0,0,141,39,11,3,3,0,0,0,1,0,0,1
8/8/2020,0.5477,13:08:45,3.75375,0,0,0,75,21,0,0,0,0,0,0,0,0,0,0
8/8/2020,0.5479,13:08:55,3.75375,0,0,0,123,38,0,0,0,0,0,0,0,0,0,0
8/8/2020,0.5481,13:09:15,3.75375,0,0,0,219,73,7,0,0,0,0,1,1,0,1,1
8/8/2020,0.5482,13:09:25,3.75375,0,0,0,240,68,13,6,6,0,0,0,3,0,0,3
8/8/2020,0.5483,13:09:35,3.75375,0,0,0,393,107,10,3,3,0,0,0,2,0,0,2
8/8/2020,0.5484,13:09:45,3.75125,0,0,0,243,81,16,6,6,0,0,0,4,0,0,4
8/8/2020,0.5486,13:09:55,3.74875,0,0,0,363,117,16,6,3,0,1,1,4,1,1,4
8/8/2020,0.5488,13:10:15,3.75125,0,0,0,246,82,13,3,0,0,0,0,1,0,0,1
8/8/2020,0.5489,13:10:25,3.74125,0,0,0,570,170,46,6,0,0,2,5,6,2,5,6
8/8/2020,0.549,13:10:35,3.75375,0,0,0,522,166,45,3,0,0,2,5,5,2,5,5
8/8/2020,0.5491,13:10:45,3.75375,0,0,0,390,130,15,6,3,0,1,1,4,1,1,4
8/8/2020,0.5493,13:10:55,3.7525,0,0,0,690,226,32,3,0,0,4,5,6,4,5,6
8/8/2020,0.5495,13:11:15,3.75,0,0,0,171,53,10,7,7,0,0,0,4,0,0,4
8/8/2020,0.5496,13:11:25,3.74875,0,0,0,384,128,13,0,0,0,1,1,1,1,1,1
8/8/2020,0.5497,13:11:35,3.75,0,0,0,543,173,33,0,0,0,2,3,3,2,3,3
8/8/2020,0.5498,13:11:45,3.7525,0,0,0,498,154,38,3,3,0,2,3,5,2,3,5
8/8/2020,0.5499,13:11:55,3.75,0,0,0,522,166,50,14,3,0,1,5,9,1,5,9
8/8/2020,0.5502,13:12:15,3.75125,0,0,0,1044,337,115,6,0,0,6,11,14,6,11,14
8/8/2020,0.5503,13:12:25,3.74,0,0,0,1053,328,86,3,0,0,5,10,11,5,10,11
8/8/2020,0.5504,13:12:35,3.73875,0,0,0,759,233,32,6,6,3,3,4,9,3,4,9
8/8/2020,0.5505,13:12:45,3.74875,0,0,0,840,280,40,6,3,0,4,5,9,4,5,9
8/8/2020,0.5506,13:12:55,3.75125,0,0,0,1029,332,48,6,0,0,6,9,10,6,9,10
8/8/2020,0.5509,13:13:16,3.7525,0,0,0,270,86,6,6,3,0,0,0,3,0,0,3
8/8/2020,0.551,13:13:26,3.7425,0,0,0,354,106,14,3,3,0,1,1,3,1,1,3
8/8/2020,0.5511,13:13:36,3.75125,0,0,0,264,88,28,3,0,0,0,1,2,0,1,2
8/8/2020,0.5512,13:13:46,3.74875,0,0,0,315,101,17,6,0,0,0,0,3,0,0,3
8/8/2020,0.5513,13:13:56,3.74875,0,0,0,384,116,6,3,0,0,1,1,2,1,1,2
8/8/2020,0.5516,13:14:15,3.75125,0,0,0,381,123,13,3,3,0,0,1,3,0,1,3
8/8/2020,0.5517,13:14:25,3.75125,0,0,0,321,87,13,0,0,0,0,1,1,0,1,1
8/8/2020,0.5518,13:14:35,3.75375,0,0,0,195,49,9,0,0,0,0,0,0,0,0,0
8/8/2020,0.5519,13:14:45,3.75375,0,0,0,222,70,12,3,0,0,0,0,1,0,0,1
8/8/2020,0.552,13:14:55,3.75375,0,0,0,321,95,15,6,3,0,0,1,4,0,1,4
8/8/2020,0.5523,13:15:15,3.75125,0,0,0,369,108,3,3,0,0,0,0,1,0,0,1
8/8/2020,0.5524,13:15:25,3.74875,0,0,0,411,114,3,3,0,0,1,1,2,1,1,2
8/8/2020,0.5525,13:15:35,3.74875,0,0,0,297,77,10,0,0,0,0,1,1,0,1,1
8/8/2020,0.5526,13:15:45,3.7525,0,0,0,216,62,17,0,0,0,0,0,0,0,0,0
8/8/2020,0.5527,13:15:55,3.75125,0,0,0,240,76,7,0,0,0,0,0,0,0,0,0
8/8/2020,0.553,13:16:15,3.7525,0,0,0,195,57,3,0,0,0,0,0,0,0,0,0
8/8/2020,0.5531,13:16:25,3.7525,0,0,0,216,53,0,0,0,0,0,0,0,0,0,0
8/8/2020,0.5532,13:16:35,3.75125,0,0,0,216,57,3,0,0,0,0,0,0,0,0,0
8/8/2020,0.5533,13:16:45,3.74875,0,0,0,162,46,3,3,3,0,0,0,1,0,0,1
8/8/2020,0.5534,13:16:55,3.74875,0,0,0,81,24,3,3,3,0,0,0,1,0,0,1
8/8/2020,0.5537,13:17:15,3.75125,0,0,0,138,35,0,0,0,0,0,0,0,0,0,0
8/8/2020,0.5538,13:17:25,3.74375,0,0,0,174,44,0,0,0,0,0,0,0,0,0,0
8/8/2020,0.5539,13:17:35,3.7425,0,0,0,159,35,0,0,0,0,0,0,0,0,0,0
8/8/2020,0.554,13:17:45,3.74125,0,0,0,138,24,3,0,0,0,0,0,0,0,0,0
8/8/2020,0.5541,13:17:55,3.75125,0,0,0,195,45,3,0,0,0,0,0,0,0,0,0
8/8/2020,0.5543,13:18:15,3.7525,0,0,0,69,16,0,0,0,0,0,0,0,0,0,0
8/8/2020,0.5545,13:18:25,3.75,0,0,0,60,16,0,0,0,0,0,0,0,0,0,0
8/8/2020,0.5546,13:18:35,3.74875,0,0,0,144,26,0,0,0,0,0,0,0,0,0,0
8/8/2020,0.5547,13:18:45,3.7475,0,0,0,156,26,0,0,0,0,0,0,0,0,0,0
8/8/2020,0.5548,13:18:55,3.74875,0,0,0,93,16,0,0,0,0,0,0,0,0,0,0
8/8/2020,0.555,13:19:15,3.7525,0,0,0,48,3,3,0,0,0,0,0,0,0,0,0
8/8/2020,0.5552,13:19:25,3.75125,0,0,0,60,10,0,0,0,0,0,0,0,0,0,0
8/8/2020,0.5553,13:19:35,3.75125,0,0,0,90,14,0,0,0,0,0,0,0,0,0,0
8/8/2020,0.5554,13:19:45,3.75125,0,0,0,123,28,0,0,0,0,0,0,0,0,0,0
8/8/2020,0.5555,13:19:55,3.75125,0,0,0,87,25,0,0,0,0,0,0,0,0,0,0
8/8/2020,0.5557,13:20:15,3.74875,0,0,0,96,13,3,3,0,0,0,0,0,0,0,0
8/8/2020,0.5558,13:20:25,3.74125,0,0,0,108,25,3,3,0,0,0,0,0,0,0,0
8/8/2020,0.556,13:20:35,3.74125,0,0,0,108,25,0,0,0,0,0,0,0,0,0,0
8/8/2020,0.5561,13:20:45,3.75125,0,0,0,93,27,0,0,0,0,0,0,0,0,0,0
8/8/2020,0.5562,13:20:55,3.75125,0,0,0,150,35,0,0,0,0,0,0,0,0,0,0
8/8/2020,0.5564,13:21:15,3.75125,0,0,0,84,13,3,0,0,0,0,0,0,0,0,0
8/8/2020,0.5565,13:21:25,3.74875,0,0,0,183,35,3,0,0,0,0,0,0,0,0,0
8/8/2020,0.5567,13:21:35,3.74875,0,0,0,120,29,0,0,0,0,0,0,0,0,0,0
8/8/2020,0.5568,13:21:45,3.7475,0,0,0,105,15,0,0,0,0,0,0,0,0,0,0
8/8/2020,0.5569,13:21:55,3.74875,0,0,0,93,12,0,0,0,0,0,0,0,0,0,0
8/8/2020,0.5571,13:22:15,3.75125,0,0,0,174,42,0,0,0,0,0,0,0,0,0,0
8/8/2020,0.5572,13:22:25,3.75125,0,0,0,225,52,0,0,0,0,0,0,0,0,0,0
8/8/2020,0.5574,13:22:35,3.75125,0,0,0,159,26,0,0,0,0,0,0,0,0,0,0
8/8/2020,0.5575,13:22:45,3.75125,0,0,0,141,27,0,0,0,0,0,0,0,0,0,0
8/8/2020,0.5576,13:22:55,3.75125,0,0,0,117,27,0,0,0,0,0,0,0,0,0,0
8/8/2020,0.5578,13:23:15,3.74875,0,0,0,123,26,0,0,0,0,0,0,0,0,0,0
8/8/2020,0.5579,13:23:25,3.74625,0,0,0,111,16,0,0,0,0,0,0,0,0,0,0
8/8/2020,0.558,13:23:35,3.7475,0,0,0,18,0,0,0,0,0,0,0,0,0,0,0
8/8/2020,0.5582,13:23:45,3.74875,0,0,0,51,11,0,0,0,0,0,0,0,0,0,0
8/8/2020,0.5583,13:23:55,3.75125,0,0,0,51,14,0,0,0,0,0,0,0,0,0,0
